,id_full_season,player_name,games_full_season,time_full_season,goals_full_season,xG_full_season,assists_full_season,xA_full_season,shots_full_season,key_passes_full_season,yellow_cards_full_season,red_cards_full_season,position,team_title,npg_full_season,npxG_full_season,xGChain_full_season,xGBuildup_full_season,fpl_id
0,1250.0,Mohamed Salah,20.0,1786.0,16.0,15.608175069093704,9.0,6.22314802929759,80.0,40.0,1.0,0.0,F,Liverpool,14.0,13.324668571352959,22.21259716153145,7.717494197189808,233.0
1,6854.0,Diogo Jota,20.0,1487.0,10.0,12.501362554728985,1.0,3.721017401665449,58.0,23.0,1.0,0.0,F S,Liverpool,10.0,12.501362554728985,18.975039415061474,5.526300131343305,240.0
2,755.0,Jamie Vardy,16.0,1325.0,9.0,6.063936270773411,1.0,1.183594960719347,36.0,14.0,2.0,0.0,F S,Leicester,9.0,6.063936270773411,7.677956260740757,1.25945988856256,205.0
3,453.0,Son Heung-Min,17.0,1499.0,8.0,6.958429858088493,3.0,3.3822450675070286,44.0,33.0,0.0,0.0,F M,Tottenham,8.0,6.958429858088493,11.58835968375206,3.5982557721436024,359.0
4,531.0,Michail Antonio,21.0,1842.0,8.0,9.476286508142948,6.0,4.611624114215374,56.0,36.0,4.0,1.0,F S,West Ham,8.0,8.715117610991001,16.13105996698141,6.068427070975304,413.0
5,838.0,Sadio Mané,20.0,1713.0,8.0,10.503094624727964,1.0,3.385883605107665,61.0,20.0,2.0,0.0,F S,Liverpool,8.0,10.503094624727964,18.285370528697968,7.227718977257609,230.0
6,2371.0,Cristiano Ronaldo,16.0,1300.0,8.0,9.91887341439724,3.0,1.6593726500868797,57.0,12.0,4.0,0.0,F S,Manchester United,6.0,8.39653579890728,11.537003859877586,2.896052235737443,
7,7230.0,Emile Smith-Rowe,18.0,1208.0,8.0,3.4808948393911123,2.0,2.218204578384757,25.0,20.0,0.0,0.0,M S,Arsenal,8.0,3.4808948393911123,6.609001308679581,2.395720422267914,21.0
8,8026.0,Raphinha,18.0,1542.0,8.0,5.4310131296515465,2.0,3.7271770127117634,55.0,36.0,4.0,0.0,F M,Leeds,5.0,3.147506585344672,7.936012044548988,3.4009968945756555,196.0
9,9301.0,Emmanuel Dennis,18.0,1407.0,8.0,3.6232672035694122,5.0,3.1260361690074205,36.0,20.0,6.0,0.0,F M S,Watford,8.0,3.6232672035694122,7.466962988488376,1.7310731587931514,450.0
10,618.0,Raheem Sterling,18.0,1170.0,7.0,7.855585293844342,1.0,3.1064493879675865,35.0,25.0,0.0,0.0,F M S,Manchester City,5.0,6.3332476038485765,11.520762711763382,4.739501483738422,255.0
11,1228.0,Bruno Fernandes,19.0,1606.0,7.0,3.7534835431724787,3.0,4.795831934548914,41.0,48.0,6.0,0.0,M S,Manchester United,7.0,2.9923147056251764,12.06390556693077,6.195090927183628,277.0
12,3621.0,Neal Maupay,18.0,1378.0,7.0,5.969435904175043,1.0,1.5493844375014305,34.0,15.0,4.0,0.0,F S,Brighton,6.0,5.2082670368254185,8.072875656187534,2.082597767934203,63.0
13,3635.0,Bernardo Silva,21.0,1804.0,7.0,5.307072073221207,1.0,4.626493373885751,26.0,31.0,5.0,0.0,F M,Manchester City,7.0,5.307072073221207,17.414230927824974,9.21279175952077,261.0
14,7768.0,Mason Mount,19.0,1253.0,7.0,5.075439341366291,5.0,4.181096892803907,39.0,29.0,2.0,0.0,F M S,Chelsea,6.0,4.314270563423634,9.263258874416351,3.365276198834181,138.0
15,9040.0,Conor Gallagher,18.0,1582.0,7.0,5.880581872537732,3.0,3.764075346291065,35.0,32.0,4.0,0.0,M,Crystal Palace,7.0,5.880581872537732,10.821578651666641,3.720407783985138,144.0
16,447.0,Kevin De Bruyne,16.0,1008.0,6.0,2.564228894189,1.0,4.552018567919731,40.0,38.0,0.0,0.0,M S,Manchester City,6.0,2.564228894189,8.471275638788939,4.423335233703256,251.0
17,468.0,Callum Wilson,15.0,1201.0,6.0,5.126593586988747,0.0,0.44315034337341785,27.0,8.0,4.0,0.0,F S,Newcastle United,5.0,4.365424727089703,3.799769224599004,0.6096092024818063,296.0
18,750.0,Riyad Mahrez,16.0,823.0,6.0,5.302895089611411,4.0,3.1927004428580403,33.0,27.0,0.0,0.0,F M S,Manchester City,4.0,3.7805573474615812,9.497826043516397,3.9983237739652395,254.0
19,843.0,James Ward-Prowse,19.0,1692.0,6.0,3.1792855728417635,2.0,2.37029280513525,29.0,34.0,3.0,1.0,M,Southampton,3.0,0.8957790341228247,5.639192972332239,4.600095892325044,341.0
20,1389.0,Jorginho,18.0,1373.0,6.0,5.058969281613827,1.0,2.0911897979676723,12.0,14.0,3.0,0.0,M S,Chelsea,0.0,0.4919562339782715,10.26681286841631,9.529445596039295,123.0
21,1776.0,Jarrod Bowen,22.0,1872.0,6.0,9.4248849991709,7.0,4.272117039188743,56.0,28.0,2.0,0.0,F M S,West Ham,6.0,9.4248849991709,15.324920825660229,3.9437790727242827,420.0
22,3278.0,Maxwel Cornet,10.0,623.0,6.0,1.617438644170761,0.0,0.5860527213662863,17.0,5.0,2.0,0.0,F M S,Burnley,6.0,1.617438644170761,3.1468030139803886,1.6239430643618107,
23,7322.0,Bukayo Saka,20.0,1508.0,6.0,5.060035768896341,4.0,4.158592641353607,42.0,32.0,3.0,0.0,M S,Arsenal,6.0,5.060035768896341,10.8730106074363,4.311633080244064,22.0
24,101.0,Allan Saint-Maximin,20.0,1722.0,5.0,3.7183160968124866,3.0,3.033473802730441,41.0,28.0,2.0,0.0,F M S,Newcastle United,5.0,3.7183160968124866,8.745204383507371,2.20369327487424,307.0
25,465.0,Joshua King,17.0,1358.0,5.0,6.730186566710472,3.0,2.420475088059902,36.0,25.0,3.0,0.0,F M S,Watford,4.0,5.969017758965492,7.7529451046139,0.8499802621081471,468.0
26,522.0,Wilfried Zaha,17.0,1392.0,5.0,3.7870637085288763,1.0,2.8528163991868496,28.0,22.0,3.0,1.0,F M S,Crystal Palace,3.0,2.264725986868143,7.282968319952488,2.6852771900594234,154.0
27,594.0,Romelu Lukaku,14.0,907.0,5.0,4.540983837097883,0.0,2.2202360071241856,23.0,14.0,0.0,0.0,F S,Chelsea,5.0,4.540983837097883,8.277284786105156,2.954689111560583,
28,762.0,Demarai Gray,18.0,1444.0,5.0,3.058469185605645,2.0,2.17770192027092,39.0,25.0,3.0,0.0,F M S,Everton,5.0,3.058469185605645,6.728033171966672,2.152801424264908,484.0
29,2335.0,Pablo Fornals,20.0,1527.0,5.0,3.113642618060112,2.0,3.9098480343818665,27.0,28.0,3.0,0.0,M S,West Ham,5.0,3.113642618060112,11.660633698105812,5.79364744015038,423.0
30,3585.0,Said Benrahma,20.0,1478.0,5.0,3.693391740322113,4.0,3.2042170017957687,43.0,21.0,0.0,0.0,F M S,West Ham,5.0,3.693391740322113,9.293101031333208,3.028942249715328,419.0
31,3697.0,Odsonne Edouard,18.0,1114.0,5.0,5.645562145859003,4.0,1.5659492742270231,33.0,15.0,1.0,0.0,F M S,Crystal Palace,4.0,4.884393248707056,7.796434756368399,1.5932310298085213,
32,5675.0,Ismaila Sarr,12.0,1039.0,5.0,3.5062892623245716,0.0,1.1350580602884293,27.0,11.0,1.0,0.0,F M,Watford,5.0,2.7451204247772694,4.373906381428242,1.1853626789525151,399.0
33,5956.0,Youri Tielemans,14.0,1175.0,5.0,2.713506992906332,2.0,2.7740789353847504,29.0,23.0,1.0,0.0,M S,Leicester,4.0,1.9523381255567074,6.914870128035545,3.0609664134681225,210.0
34,6055.0,Phil Foden,14.0,1006.0,5.0,4.4752834141254425,3.0,4.124836008995771,28.0,23.0,0.0,0.0,F S,Manchester City,5.0,4.4752834141254425,10.597647532820702,3.911015596240759,265.0
35,6818.0,James Maddison,18.0,1187.0,5.0,3.061262859031558,3.0,2.5411145240068436,36.0,19.0,2.0,0.0,F M S,Leicester,5.0,3.061262859031558,6.526491213589907,2.364159293472767,212.0
36,7696.0,Teemu Pukki,20.0,1749.0,5.0,5.112131383270025,0.0,0.9630150180310011,31.0,12.0,3.0,0.0,F,Norwich,3.0,3.589830469340086,4.531011778861284,0.21378571260720491,315.0
37,8384.0,Armando Broja,17.0,883.0,5.0,3.0284114722162485,0.0,0.1280621401965618,21.0,2.0,1.0,0.0,F S,Southampton,5.0,3.0284114722162485,3.458248833194375,0.6412949049845338,
38,8865.0,Ollie Watkins,17.0,1450.0,5.0,5.978149656206369,1.0,0.8949778378009796,38.0,15.0,3.0,0.0,F S,Aston Villa,5.0,5.978149656206369,9.042877841740847,2.9229245968163013,40.0
39,314.0,Ilkay Gündogan,15.0,1069.0,4.0,6.1912258714437485,3.0,2.949210638180375,31.0,24.0,1.0,0.0,M S,Manchester City,4.0,6.1912258714437485,12.697225008159876,4.7147685289382935,250.0
40,318.0,Pierre-Emerick Aubameyang,14.0,1047.0,4.0,6.893220115453005,1.0,0.8014161214232445,34.0,9.0,3.0,0.0,F S,Arsenal,4.0,5.370882365852594,5.4393598940223455,0.963660548441112,4.0
41,482.0,Roberto Firmino,12.0,508.0,4.0,3.7203072383999825,3.0,1.472150744870305,15.0,11.0,0.0,0.0,F S,Liverpool,4.0,3.7203072383999825,8.214826576411724,3.9804965630173683,228.0
42,535.0,Manuel Lanzini,16.0,763.0,4.0,2.011451417580247,1.0,1.7247340083122253,10.0,15.0,1.0,0.0,M S,West Ham,2.0,0.48911371268332005,5.2257125079631805,5.0435494892299175,416.0
43,606.0,Christian Benteke,20.0,1061.0,4.0,4.719367414712906,1.0,1.6455406285822392,38.0,13.0,3.0,0.0,F S,Crystal Palace,4.0,4.719367414712906,6.482015427201986,1.2350080097094178,149.0
44,647.0,Harry Kane,17.0,1429.0,4.0,6.853766035288572,1.0,3.152003549039364,50.0,14.0,3.0,0.0,F M S,Tottenham,3.0,6.092597257345915,10.62307670712471,2.6764032524079084,357.0
45,986.0,Danny Ings,15.0,1128.0,4.0,2.9362498708069324,2.0,0.2188359797000885,21.0,4.0,1.0,0.0,F S,Aston Villa,3.0,2.17508103325963,3.2011489924043417,1.1934218183159828,337.0
46,998.0,Ivan Toney,19.0,1710.0,4.0,4.520334247499704,2.0,3.5351024018600583,43.0,20.0,5.0,0.0,F,Brentford,2.0,2.9980333782732487,5.644147343933582,1.265816387720406,78.0
47,2517.0,Martin Odegaard,18.0,1226.0,4.0,1.2858720123767853,3.0,3.362564582377672,19.0,30.0,2.0,0.0,M S,Arsenal,4.0,1.2858720123767853,8.384983953088522,5.524210385046899,
48,4105.0,Raúl Jiménez,19.0,1563.0,4.0,4.487540322355926,2.0,2.099011369049549,35.0,25.0,4.0,1.0,F S,Wolverhampton Wanderers,3.0,3.726371484808624,6.852197635918856,1.8646574569866061,430.0
49,6026.0,Richarlison,12.0,923.0,4.0,2.3391610449180007,2.0,2.033296797424555,20.0,13.0,5.0,0.0,F M S,Everton,4.0,2.3391610449180007,4.675202861428261,1.557787261903286,180.0
50,7490.0,Mason Greenwood,16.0,1150.0,4.0,3.705796953290701,1.0,1.264625996351242,44.0,16.0,1.0,0.0,F M S,Manchester United,4.0,3.705796953290701,5.275167178362608,1.6174489501863718,289.0
51,7698.0,Leandro Trossard,19.0,1637.0,4.0,4.082470057532191,1.0,1.796554446220398,49.0,25.0,1.0,0.0,F M,Brighton,3.0,3.321301205083728,6.9857665821909904,2.85301517508924,64.0
52,7700.0,Che Adams,15.0,936.0,4.0,2.5640785172581673,1.0,1.4322864897549152,23.0,11.0,0.0,0.0,F M S,Southampton,4.0,2.5640785172581673,3.558905117213726,0.2541318517178297,345.0
53,7752.0,Gabriel Martinelli,13.0,783.0,4.0,4.245867621153593,2.0,1.7879327088594437,23.0,16.0,1.0,0.0,F M S,Arsenal,4.0,4.245867621153593,5.7201687432825565,1.0453782733529806,26.0
54,8067.0,Reece James,16.0,1114.0,4.0,1.8819010388106108,5.0,3.7123125419020653,21.0,31.0,4.0,1.0,D M S,Chelsea,4.0,1.8819010388106108,9.492686381563544,6.434538744390011,142.0
55,8379.0,Alexis Mac Allister,15.0,650.0,4.0,2.6998753314837813,1.0,1.0445203948765993,22.0,14.0,1.0,0.0,M S,Brighton,3.0,1.938706493936479,4.068274311721325,2.0796126620844007,74.0
56,8720.0,Jack Harrison,17.0,1267.0,4.0,3.042757572606206,1.0,1.6629577223211527,21.0,22.0,2.0,0.0,F M S,Leeds,4.0,3.042757572606206,4.307560000568628,1.8539388552308083,267.0
57,8845.0,Hee-Chan Hwang,14.0,983.0,4.0,2.3968340400606394,0.0,0.8159827785566449,9.0,7.0,1.0,0.0,F M S,Wolverhampton Wanderers,4.0,2.3968340400606394,5.018234342336655,2.184372266754508,
58,775.0,Andros Townsend,16.0,1275.0,3.0,2.146623596549034,2.0,2.748285062611103,18.0,30.0,3.0,0.0,F M S,Everton,2.0,1.3854547664523125,5.22294907271862,2.704090593382716,482.0
59,782.0,Ben Chilwell,6.0,540.0,3.0,1.298326052725315,1.0,0.8330149557441473,13.0,10.0,0.0,0.0,D M,Chelsea,3.0,1.298326052725315,3.937902458012104,2.8827292025089264,135.0
60,2496.0,Rodri,18.0,1568.0,3.0,0.9948990345001221,1.0,0.9461587630212307,18.0,16.0,5.0,0.0,M,Manchester City,3.0,0.9948990345001221,14.553784340620041,13.207567512989044,266.0
61,2662.0,Christian Pulisic,12.0,748.0,3.0,3.265300936996937,0.0,0.42403372935950756,12.0,8.0,1.0,0.0,D F M S,Chelsea,3.0,3.265300936996937,4.596597364172339,1.0486329421401024,137.0
62,3277.0,Alexandre Lacazette,15.0,872.0,3.0,4.182641874998808,3.0,1.2645069807767868,14.0,14.0,0.0,0.0,F M S,Arsenal,2.0,2.6603041402995586,5.175618544220924,2.244723152369261,6.0
63,4456.0,Chris Wood,18.0,1493.0,3.0,5.237098876386881,0.0,0.38854250963777304,33.0,9.0,1.0,0.0,F,"Burnley,Newcastle United",3.0,5.237098876386881,4.702116075903177,1.5056951567530632,109.0
64,5555.0,Dominic Calvert-Lewin,5.0,433.0,3.0,4.15969019010663,0.0,0.13921446353197098,16.0,3.0,0.0,0.0,F,Everton,1.0,1.8762204684317112,2.1085684411227703,0.15640778094530106,177.0
65,5556.0,Ademola Lookman,12.0,723.0,3.0,2.1233532279729843,0.0,0.8606500141322613,11.0,12.0,1.0,0.0,F M S,Leicester,3.0,2.1233532279729843,5.156751446425915,2.5945195332169533,
66,5786.0,Yoane Wissa,13.0,412.0,3.0,0.8757980866357684,0.0,0.16504491120576859,8.0,3.0,0.0,0.0,F S,Brentford,3.0,0.8757980866357684,0.9491455033421516,0.07079316675662994,
67,6042.0,Jan Bednarek,16.0,1346.0,3.0,1.6415923424065113,0.0,0.20110056549310684,8.0,3.0,4.0,0.0,D S,Southampton,3.0,1.6415923424065113,3.783786842599511,3.5575920809060335,343.0
68,6552.0,Bryan Mbeumo,18.0,1500.0,3.0,5.733193479478359,2.0,1.4216875322163105,39.0,15.0,2.0,0.0,F,Brentford,2.0,4.972024612128735,8.12675011344254,2.5775649510324,96.0
69,7723.0,John McGinn,17.0,1479.0,3.0,0.6551090776920319,2.0,3.1656193835660815,23.0,29.0,5.0,0.0,M,Aston Villa,3.0,0.6551090776920319,6.048300785943866,3.3812703508883715,35.0
70,8288.0,Tomas Soucek,20.0,1790.0,3.0,3.389506410807371,1.0,1.1302968598902225,29.0,11.0,2.0,0.0,M,West Ham,3.0,3.389506410807371,5.757142096757889,3.314078025519848,422.0
71,8941.0,Jacob Ramsey,18.0,1170.0,3.0,1.781008556485176,1.0,1.4154308922588825,19.0,11.0,3.0,0.0,F M S,Aston Villa,3.0,1.781008556485176,5.209649417549372,2.3266336359083652,51.0
72,343.0,Pierre-Emile Højbjerg,17.0,1521.0,2.0,1.4325250554829836,1.0,0.7724079005420208,16.0,11.0,1.0,0.0,M,Tottenham,2.0,1.4325250554829836,8.71004281193018,6.695818267762661,365.0
73,484.0,Divock Origi,3.0,27.0,2.0,0.797816552221775,0.0,0.0,5.0,0.0,0.0,0.0,S,Liverpool,2.0,0.797816552221775,0.859704926609993,0.06188836693763733,235.0
74,501.0,Danny Welbeck,7.0,307.0,2.0,0.7010905183851719,0.0,0.10754864290356636,7.0,2.0,0.0,0.0,F M S,Brighton,2.0,0.7010905183851719,0.8822587318718433,0.17001540027558804,447.0
75,556.0,Marcus Rashford,11.0,608.0,2.0,1.303605742752552,1.0,1.3154741376638412,12.0,6.0,1.0,0.0,F M S,Manchester United,2.0,1.303605742752552,3.829890387132764,1.4412723053246737,281.0
76,558.0,Jesse Lingard,9.0,73.0,2.0,0.5119635220617056,0.0,0.0710409414023161,4.0,2.0,0.0,0.0,S,Manchester United,2.0,0.5119635220617056,0.6898438557982445,0.13382072001695633,276.0
77,605.0,Jordan Henderson,19.0,1494.0,2.0,0.8708809148520231,3.0,2.7482198122888803,18.0,23.0,2.0,0.0,M S,Liverpool,2.0,0.8708809148520231,11.156022112816572,8.196084726601839,222.0
78,620.0,Kelechi Iheanacho,14.0,572.0,2.0,2.008420269936323,4.0,2.1163385026156902,15.0,11.0,0.0,0.0,F S,Leicester,2.0,2.008420269936323,5.085203098133206,1.3089868687093258,213.0
79,675.0,Jack Grealish,15.0,1176.0,2.0,4.446282505989075,2.0,2.8335583368316293,28.0,33.0,1.0,0.0,F M S,Manchester City,2.0,4.446282505989075,12.245570965111256,6.298799745738506,33.0
80,751.0,N&#039;Golo Kanté,13.0,860.0,2.0,0.8508283514529467,1.0,1.0240569952875376,8.0,7.0,1.0,0.0,M S,Chelsea,2.0,0.8508283514529467,5.430030312389135,3.6042959354817867,130.0
81,757.0,Jeffrey Schlupp,16.0,659.0,2.0,1.4155598934739828,1.0,1.349190179258585,17.0,8.0,0.0,0.0,F M S,Crystal Palace,2.0,1.4155598934739828,3.528456676751375,1.1302688717842102,155.0
82,822.0,Patrick Bamford,6.0,457.0,2.0,2.418504185974598,2.0,0.39914455357939005,16.0,3.0,2.0,0.0,F S,Leeds,2.0,2.418504185974598,2.5039670076221228,0.4154012054204941,189.0
83,1078.0,Sergi Canos,20.0,1531.0,2.0,2.4678362011909485,2.0,1.4822645522654057,24.0,11.0,5.0,0.0,D F M S,Brentford,2.0,2.4678362011909485,4.533211775124073,1.4662746712565422,81.0
84,1654.0,Ben Mee,13.0,1170.0,2.0,2.0420517437160015,0.0,0.025418957695364952,11.0,2.0,3.0,0.0,D,Burnley,2.0,2.0420517437160015,1.3623542580753565,1.349588860757649,106.0
85,1726.0,Abdoulaye Doucouré,15.0,1350.0,2.0,1.7040116339921951,4.0,1.642215533182025,23.0,11.0,4.0,0.0,M,Everton,2.0,1.7040116339921951,5.719585096463561,2.701786307618022,173.0
86,1791.0,Trent Alexander-Arnold,19.0,1686.0,2.0,1.5154880434274673,10.0,8.76672484818846,34.0,58.0,1.0,0.0,D,Liverpool,2.0,1.5154880434274673,14.645602747797966,7.8362603187561035,237.0
87,1822.0,Antonio Rüdiger,21.0,1890.0,2.0,1.688492489978671,0.0,0.646391348913312,27.0,10.0,4.0,0.0,D,Chelsea,2.0,1.688492489978671,11.563376476988196,10.903116710484028,127.0
88,2254.0,Mateo Kovacic,14.0,1023.0,2.0,1.3705879133194685,5.0,2.865579454228282,15.0,15.0,3.0,0.0,M S,Chelsea,2.0,1.3705879133194685,8.959507297724485,6.980228327214718,125.0
89,2381.0,Rodrigo,13.0,926.0,2.0,2.6315422356128693,0.0,1.8152784928679466,24.0,20.0,4.0,0.0,F M S,Leeds,1.0,1.8703733757138252,5.466971036046743,2.372500643134117,187.0
90,2498.0,Aymeric Laporte,18.0,1551.0,2.0,2.2815829180181026,0.0,0.24715962819755077,24.0,4.0,5.0,1.0,D,Manchester City,2.0,2.2815829180181026,11.06560393795371,10.863975984975696,259.0
91,3288.0,Thiago Silva,18.0,1451.0,2.0,0.7682493887841702,0.0,0.18129038996994495,10.0,4.0,1.0,0.0,D S,Chelsea,2.0,0.7682493887841702,10.497501753736287,10.35377036081627,121.0
92,3293.0,Lucas Moura,17.0,1223.0,2.0,2.8057463094592094,3.0,3.007668621838093,28.0,22.0,2.0,0.0,F M S,Tottenham,2.0,2.8057463094592094,7.733240693807602,3.785269098356366,362.0
93,3294.0,Edinson Cavani,9.0,513.0,2.0,2.69224539026618,0.0,0.12244844995439053,14.0,2.0,0.0,0.0,F S,Manchester United,2.0,2.69224539026618,2.5995399057865143,0.49548939149826765,269.0
94,3420.0,Fabinho,15.0,1260.0,2.0,1.233404252678156,1.0,0.7518262900412083,10.0,13.0,4.0,0.0,M S,Liverpool,2.0,1.233404252678156,6.56173693202436,6.0732296127825975,232.0
95,3491.0,Romain Saiss,19.0,1668.0,2.0,2.67127847392112,0.0,0.21051678620278835,13.0,3.0,3.0,0.0,D,Wolverhampton Wanderers,2.0,2.67127847392112,4.2109838258475065,4.059747921302915,431.0
96,4419.0,Adam Armstrong,18.0,1196.0,2.0,4.066641267389059,2.0,1.624623842537403,43.0,13.0,1.0,0.0,F S,Southampton,2.0,4.066641267389059,5.965230625122786,0.6754391770809889,
97,5220.0,Kai Havertz,15.0,953.0,2.0,3.862804491072893,1.0,1.2137100249528885,27.0,4.0,0.0,0.0,F M S,Chelsea,2.0,3.862804491072893,7.945609346032143,3.2716057747602463,141.0
98,5247.0,Naby Keita,11.0,527.0,2.0,0.8459738530218601,1.0,1.143466267734766,15.0,7.0,1.0,0.0,M S,Liverpool,2.0,0.8459738530218601,4.639570701867342,3.147466816008091,239.0
99,5543.0,Gabriel Jesus,18.0,1305.0,2.0,5.051528036594391,7.0,4.017523150891066,40.0,26.0,0.0,0.0,F S,Manchester City,2.0,5.051528036594391,11.753779750317335,4.253144357353449,263.0
100,5595.0,Daniel James,18.0,1317.0,2.0,3.9269583374261856,1.0,2.105831976979971,36.0,15.0,1.0,0.0,F M S,"Leeds,Manchester United",2.0,3.9269583374261856,5.663775362074375,0.6393523514270782,287.0
101,5613.0,Gabriel,17.0,1483.0,2.0,1.2707946132868528,0.0,0.06363057345151901,14.0,2.0,2.0,1.0,D,Arsenal,2.0,1.2707946132868528,5.187143166549504,5.095522065646946,23.0
102,6249.0,Davinson Sánchez,12.0,926.0,2.0,1.76045498624444,0.0,0.02617560513317585,10.0,1.0,2.0,0.0,D S,Tottenham,2.0,1.76045498624444,3.997753730043769,3.8494715727865696,367.0
103,6441.0,Ferrán Torres,4.0,308.0,2.0,2.512166380882263,1.0,0.021644435822963715,13.0,1.0,0.0,0.0,F,Manchester City,2.0,2.512166380882263,2.4304773956537247,1.177093531936407,268.0
104,6615.0,Trevoh Chalobah,14.0,919.0,2.0,0.6108458805829287,0.0,0.04631999880075455,4.0,1.0,1.0,0.0,D M S,Chelsea,2.0,0.6108458805829287,3.975093960762024,3.9549223482608795,
105,6681.0,Harvey Barnes,14.0,1050.0,2.0,2.2682304866611958,2.0,1.2585084401071072,27.0,12.0,2.0,0.0,F M S,Leicester,2.0,2.2682304866611958,5.163021706044674,2.242656357586384,215.0
106,6817.0,Fred,16.0,1272.0,2.0,0.32771624624729156,2.0,0.9480694783851504,7.0,16.0,4.0,0.0,M S,Manchester United,2.0,0.32771624624729156,4.1487187296152115,3.0312813678756356,274.0
107,6851.0,Conor Coady,20.0,1798.0,2.0,1.6233604941517115,0.0,0.0,7.0,0.0,1.0,0.0,D,Wolverhampton Wanderers,2.0,1.6233604941517115,3.209826709702611,3.209826709702611,429.0
108,6894.0,Mohamed Elyounoussi,14.0,907.0,2.0,3.325837679207325,0.0,0.7443209234625101,25.0,10.0,2.0,0.0,M S,Southampton,2.0,3.325837679207325,4.62144523486495,1.419652882963419,
109,6954.0,Juan Camilo Hernández,15.0,647.0,2.0,1.0720830895006657,1.0,1.176310551352799,17.0,16.0,0.0,0.0,F M S,Watford,2.0,1.0720830895006657,2.7673852341249585,1.1283241910859942,
110,7603.0,Marc Guehi,20.0,1800.0,2.0,1.8023342797532678,0.0,0.1185123547911644,11.0,1.0,4.0,0.0,D,Crystal Palace,2.0,1.8023342797532678,6.0650241654366255,6.036079136654735,
111,7726.0,Ezri Konsa Ngoyo,19.0,1633.0,2.0,1.1516407397575676,0.0,0.2211591750383377,12.0,3.0,3.0,1.0,D,Aston Villa,2.0,1.1516407397575676,2.7171948961913586,2.4660039767622948,45.0
112,8150.0,Anthony Gordon,16.0,873.0,2.0,1.3654303271323442,1.0,1.0687521193176508,17.0,8.0,1.0,0.0,M S,Everton,2.0,1.3654303271323442,3.0429829116910696,1.4614421604201198,
113,8239.0,Takumi Minamino,7.0,41.0,2.0,1.5600858330726624,0.0,0.4911211431026459,3.0,1.0,1.0,0.0,S,Liverpool,2.0,1.5600858330726624,2.230110824108124,0.17890387773513794,236.0
114,8272.0,João Pedro,14.0,604.0,2.0,1.3201085068285465,1.0,1.4440684607252479,22.0,12.0,1.0,0.0,F M S,Watford,2.0,1.3201085068285465,3.997176363132894,2.2008882500231266,404.0
115,8961.0,Rúben Dias,20.0,1683.0,2.0,1.5516493255272508,2.0,1.8409145921468735,12.0,11.0,4.0,0.0,D S,Manchester City,2.0,1.5516493255272508,11.604540936648846,10.782016798853874,262.0
116,9679.0,Rico Henry,17.0,1437.0,2.0,1.1831962261348963,0.0,0.46965119801461697,7.0,8.0,2.0,0.0,D M,Brentford,2.0,1.1831962261348963,2.932997088879347,1.415950445458293,
117,9680.0,Vitaly Janelt,16.0,1212.0,2.0,1.5458786701783538,0.0,0.9212641343474388,12.0,15.0,2.0,0.0,D M S,Brentford,2.0,1.5458786701783538,3.502357075922191,1.3749760873615742,
118,9738.0,Patson Daka,7.0,275.0,2.0,1.8761466816067696,3.0,1.4196810126304626,9.0,6.0,0.0,0.0,F S,Leicester,2.0,1.8761466816067696,3.7588890716433525,1.419553752988577,
119,9948.0,Michael Olise,14.0,378.0,2.0,0.34827323257923126,3.0,2.1842733696103096,6.0,7.0,2.0,0.0,F M S,Crystal Palace,2.0,0.34827323257923126,3.921693667769432,3.556972038000822,
120,65.0,Timo Werner,10.0,564.0,1.0,2.6536095812916756,1.0,0.08540495112538338,19.0,2.0,1.0,0.0,F M S,Chelsea,1.0,2.6536095812916756,3.666924722492695,1.0624993741512299,134.0
121,87.0,Joelinton,19.0,1292.0,1.0,1.7205877136439085,1.0,0.8921038173139095,23.0,15.0,4.0,0.0,F M S,Newcastle United,1.0,1.7205877136439085,3.4217372592538595,1.6100741503760219,310.0
122,229.0,Thiago Alcántara,11.0,675.0,1.0,1.2799651063978672,1.0,1.0671678818762302,16.0,12.0,1.0,0.0,M S,Liverpool,1.0,1.2799651063978672,5.4239059165120125,4.306702175177634,225.0
123,488.0,Philippe Coutinho,1.0,17.0,1.0,0.7261156439781189,0.0,0.0,2.0,0.0,0.0,0.0,S,Aston Villa,1.0,0.7261156439781189,1.1012628078460693,0.37514716386795044,
124,500.0,Alex Iwobi,13.0,715.0,1.0,1.5463235434144735,1.0,1.4320501200854778,14.0,9.0,0.0,0.0,M S,Everton,1.0,1.5463235434144735,4.1234442219138145,2.1468295827507973,174.0
125,528.0,Angelo Ogbonna,11.0,921.0,1.0,0.6117199659347534,0.0,0.0,3.0,0.0,1.0,0.0,D,West Ham,1.0,0.6117199659347534,1.006217548623681,0.9552079532295465,409.0
126,530.0,James Tomkins,8.0,540.0,1.0,0.6890933271497488,0.0,0.35278289020061493,4.0,2.0,2.0,0.0,D S,Crystal Palace,1.0,0.6890933271497488,0.4859016388654709,0.40568505972623825,147.0
127,533.0,Mark Noble,4.0,93.0,1.0,1.5223376750946045,0.0,0.0,2.0,0.0,0.0,0.0,M S,West Ham,0.0,0.0,0.7072548866271973,0.7072548866271973,406.0
128,534.0,Aaron Cresswell,15.0,1321.0,1.0,0.4488532580435276,2.0,2.3863700926303864,9.0,22.0,0.0,0.0,D,West Ham,1.0,0.4488532580435276,6.939652144908905,6.310699017718434,411.0
129,553.0,Anthony Martial,7.0,194.0,1.0,1.0657398700714111,0.0,0.0,4.0,0.0,0.0,0.0,F M S,Manchester United,1.0,1.0657398700714111,1.575853519141674,1.1580424308776855,278.0
130,579.0,Nathan Aké,8.0,573.0,1.0,0.07154779322445393,0.0,0.0,2.0,0.0,0.0,0.0,D S,Manchester City,1.0,0.07154779322445393,1.9097606930881739,1.9097606930881739,258.0
131,586.0,John Stones,7.0,495.0,1.0,0.9196115434169769,0.0,0.0,4.0,0.0,0.0,0.0,D S,Manchester City,1.0,0.9196115434169769,3.6151228472590446,3.6151228472590446,252.0
132,593.0,Aaron Lennon,8.0,265.0,1.0,0.23231671191751957,0.0,0.0,4.0,0.0,1.0,0.0,F M S,Burnley,1.0,0.23231671191751957,0.2469791593030095,0.01466244738548994,
133,614.0,Fernandinho,12.0,502.0,1.0,0.6609537936747074,1.0,0.5220044124871492,9.0,7.0,1.0,0.0,M S,Manchester City,1.0,0.6609537936747074,3.798832379281521,3.427928254008293,453.0
134,645.0,Dele Alli,10.0,664.0,1.0,1.401276871562004,0.0,0.5020306594669819,4.0,2.0,1.0,0.0,M S,Tottenham,0.0,0.6401080340147018,1.9693954084068537,0.8272567372769117,363.0
135,672.0,Jordan Ayew,19.0,1337.0,1.0,2.5972377359867096,2.0,2.8377182949334383,27.0,20.0,1.0,0.0,F M S,Crystal Palace,1.0,2.5972377359867096,6.93773945979774,2.5380773339420557,153.0
136,753.0,Marc Albrighton,8.0,419.0,1.0,0.41476721316576004,0.0,0.16447686683386564,3.0,4.0,1.0,0.0,D M S,Leicester,1.0,0.41476721316576004,1.8110444098711014,1.2982142567634583,202.0
137,766.0,Jamaal Lascelles,16.0,1440.0,1.0,0.932169777341187,0.0,0.2316509298980236,12.0,4.0,5.0,0.0,D,Newcastle United,1.0,0.932169777341187,1.0631898827850819,1.0631898827850819,299.0
138,769.0,Jonjo Shelvey,12.0,907.0,1.0,0.34730640053749084,0.0,0.3934127576649189,16.0,11.0,3.0,1.0,M S,Newcastle United,1.0,0.34730640053749084,1.3397628543898463,0.8393908133730292,291.0
139,807.0,Jonny Evans,10.0,752.0,1.0,1.2847998961806297,1.0,0.42107296735048294,3.0,3.0,2.0,0.0,D S,Leicester,1.0,1.2847998961806297,1.8027391880750656,1.7074244618415833,201.0
140,813.0,Salomón Rondón,13.0,706.0,1.0,2.0021563107147813,0.0,0.5214151497930288,17.0,7.0,2.0,0.0,F S,Everton,1.0,2.0021563107147813,2.931582599878311,0.4856187906116247,
141,833.0,Virgil van Dijk,19.0,1710.0,1.0,1.158066114410758,1.0,0.851976003497839,20.0,6.0,2.0,0.0,D,Liverpool,1.0,1.158066114410758,11.435387220233679,11.423436891287565,229.0
142,884.0,Matt Targett,17.0,1440.0,1.0,0.7339119836688042,1.0,2.1659701196476817,7.0,21.0,2.0,0.0,D M,Aston Villa,1.0,0.7339119836688042,4.215847448445857,1.709517358802259,39.0
143,900.0,Adama Traoré,19.0,1046.0,1.0,2.8342397063970566,0.0,1.3370982483029366,23.0,18.0,0.0,0.0,F M S,Wolverhampton Wanderers,1.0,2.8342397063970566,4.7574944868683815,0.9076889548450708,435.0
144,935.0,Kurt Zouma,11.0,975.0,1.0,0.5281179584562778,0.0,0.06385453045368195,3.0,1.0,1.0,0.0,D,West Ham,1.0,0.5281179584562778,1.9553656615316868,1.8915111310780048,128.0
145,966.0,Alex Oxlade-Chamberlain,15.0,659.0,1.0,0.8050934672355652,1.0,1.1514272466301918,15.0,9.0,0.0,0.0,F M S,Liverpool,1.0,0.8050934672355652,4.674935568124056,2.9124341513961554,227.0
146,1014.0,Tyler Roberts,19.0,827.0,1.0,2.4348467718809843,1.0,1.436450419947505,30.0,14.0,5.0,0.0,F M S,Leeds,1.0,2.4348467718809843,4.3758302722126245,0.71358298137784,193.0
147,1017.0,Matej Vydra,15.0,331.0,1.0,1.115015171468258,1.0,0.1649620234966278,11.0,3.0,0.0,0.0,F S,Burnley,1.0,1.115015171468258,1.3079774677753448,0.12044636905193329,111.0
148,1024.0,Tyrone Mings,18.0,1566.0,1.0,0.8278334848582745,1.0,0.21158535405993462,12.0,3.0,5.0,0.0,D S,Aston Villa,1.0,0.8278334848582745,3.93234084546566,3.705927811563015,38.0
149,1042.0,Tom Davies,5.0,148.0,1.0,1.0068475678563118,0.0,0.0,6.0,0.0,0.0,0.0,M S,Everton,1.0,1.0068475678563118,1.2285461034625769,0.41930728405714035,176.0
150,1123.0,Juraj Kucka,16.0,1261.0,1.0,1.1393636269494891,0.0,0.20044828578829765,27.0,5.0,2.0,1.0,M S,Watford,1.0,1.1393636269494891,3.650746027007699,2.9352127462625504,
151,1621.0,Marcos Alonso,16.0,1352.0,1.0,1.575488032773137,2.0,2.878163255751133,21.0,24.0,5.0,0.0,D S,Chelsea,1.0,1.575488032773137,7.576769024133682,5.680737517774105,122.0
152,1652.0,Matthew Lowton,17.0,1519.0,1.0,0.7138775950297713,2.0,2.0866365376859903,8.0,15.0,2.0,0.0,D,Burnley,1.0,0.7138775950297713,4.048126921057701,3.075590753927827,110.0
153,1653.0,Michael Keane,19.0,1710.0,1.0,0.9451953871175647,2.0,1.3396282345056534,14.0,8.0,1.0,0.0,D,Everton,1.0,0.9451953871175647,2.582344437018037,1.982902854681015,169.0
154,1665.0,James Tarkowski,16.0,1440.0,1.0,2.190916059538722,2.0,0.11782332509756088,14.0,2.0,6.0,0.0,D,Burnley,1.0,2.190916059538722,2.604156400077045,2.5477005736902356,98.0
155,1688.0,Andrew Robertson,15.0,1315.0,1.0,1.0468098083510995,6.0,3.5434296764433384,6.0,28.0,4.0,1.0,D,Liverpool,1.0,1.0468098083510995,10.829484805464745,9.020617716014385,234.0
156,1719.0,Javier Manquillo,12.0,1047.0,1.0,0.3779595121741295,2.0,0.47096915170550346,4.0,4.0,5.0,0.0,D,Newcastle United,1.0,0.3779595121741295,1.5195522345602512,0.6807379852980375,302.0
157,1746.0,Jeff Hendrick,3.0,65.0,1.0,0.017747625708580017,0.0,0.02281407080590725,1.0,1.0,0.0,0.0,S,Newcastle United,1.0,0.017747625708580017,0.16085723228752613,0.12029553577303886,297.0
158,1760.0,Arthur Masuaku,11.0,477.0,1.0,0.04287071153521538,1.0,0.7584338430315256,3.0,2.0,1.0,0.0,D M S,West Ham,1.0,0.04287071153521538,1.2144650369882584,1.1856507826596498,417.0
159,1801.0,Pontus Jansson,21.0,1885.0,1.0,2.1617264542728662,1.0,0.4942300096154213,12.0,3.0,3.0,0.0,D,Brentford,1.0,2.1617264542728662,4.19709026068449,3.066908311098814,76.0
160,2163.0,Diego Llorente,14.0,1180.0,1.0,0.6425634361803532,0.0,0.04781206510961056,4.0,2.0,5.0,0.0,D,Leeds,1.0,0.6425634361803532,0.8364226073026657,0.8364226073026657,190.0
161,2203.0,Emiliano Buendía,18.0,1168.0,1.0,1.4755495879799128,3.0,2.4442235231399536,21.0,26.0,1.0,0.0,F M S,Aston Villa,1.0,1.4755495879799128,5.553615676239133,3.198835387825966,43.0
162,2328.0,Thomas Partey,16.0,1339.0,1.0,1.776563998311758,0.0,0.47785523533821106,26.0,8.0,3.0,0.0,M S,Arsenal,1.0,1.776563998311758,6.8040519915521145,6.19680954143405,15.0
163,2379.0,João Cancelo,21.0,1883.0,1.0,2.2605406967923045,5.0,3.4402857683598995,44.0,23.0,5.0,0.0,D,Manchester City,1.0,2.2605406967923045,15.069950051605701,12.843839712440968,256.0
164,3422.0,João Moutinho,20.0,1670.0,1.0,0.66505694296211,0.0,1.9828391373157501,12.0,24.0,2.0,0.0,M S,Wolverhampton Wanderers,1.0,0.66505694296211,5.887996781617403,4.643394615501165,426.0
165,4381.0,Mateusz Klich,15.0,1051.0,1.0,1.6298975329846144,2.0,1.3018032126128674,21.0,25.0,2.0,0.0,M S,Leeds,1.0,1.6298975329846144,5.381207274273038,2.8406018894165754,186.0
166,5221.0,Leon Bailey,9.0,415.0,1.0,1.0645912438631058,2.0,0.23064623028039932,13.0,5.0,1.0,0.0,F M S,Aston Villa,1.0,1.0645912438631058,1.3268155679106712,0.320594422519207,
167,5264.0,Caglar Söyüncü,16.0,1420.0,1.0,0.8778570480644703,0.0,0.06893368810415268,5.0,2.0,3.0,0.0,D,Leicester,1.0,0.8778570480644703,3.212415002286434,3.143481306731701,217.0
168,5553.0,Declan Rice,21.0,1890.0,1.0,0.586416875012219,4.0,1.265141425654292,16.0,16.0,5.0,0.0,M,West Ham,1.0,0.586416875012219,11.201582040637732,10.187491945922375,421.0
169,5560.0,Scott McTominay,17.0,1296.0,1.0,0.6636656615883112,0.0,1.3827480487525463,14.0,14.0,5.0,0.0,M S,Manchester United,1.0,0.6636656615883112,4.459950923919678,3.3707912415266037,285.0
170,5612.0,Anwar El Ghazi,9.0,372.0,1.0,0.9790221825242043,1.0,0.2625086233019829,8.0,5.0,2.0,0.0,F M S,Aston Villa,0.0,0.21785331144928932,0.609694505110383,0.30974539183080196,42.0
171,5735.0,Jean-Philippe Mateta,6.0,217.0,1.0,0.9382469803094864,0.0,0.06918160617351532,7.0,1.0,0.0,0.0,F S,Crystal Palace,1.0,0.9382469803094864,1.5307555496692657,1.1528080627322197,159.0
172,5962.0,Tanguy NDombele Alvaro,9.0,490.0,1.0,0.5444412399083376,1.0,0.6208779122680426,9.0,4.0,1.0,0.0,M S,Tottenham,1.0,0.5444412399083376,2.4390930458903313,1.5780103281140327,375.0
173,6030.0,Zanka,7.0,424.0,1.0,0.1421728879213333,0.0,0.07679279521107674,2.0,2.0,2.0,0.0,D S,Brentford,1.0,0.1421728879213333,1.5797668248414993,1.5567027367651463,
174,6047.0,Shane Duffy,14.0,1161.0,1.0,0.6186635792255402,0.0,0.0607984010130167,17.0,2.0,5.0,0.0,D S,Brighton,1.0,0.6186635792255402,2.630813764408231,2.611064612865448,56.0
175,6062.0,Isaac Hayden,14.0,1008.0,1.0,0.2894264794886112,0.0,0.05937807820737362,5.0,2.0,5.0,0.0,D M S,Newcastle United,1.0,0.2894264794886112,1.0659869341179729,0.9370966954156756,306.0
176,6063.0,Jacob Murphy,17.0,770.0,1.0,0.9715967709198594,1.0,0.8251938172616065,15.0,8.0,2.0,0.0,D M S,Newcastle United,1.0,0.9715967709198594,2.1790211009792984,0.5428622523322701,304.0
177,6276.0,Nikola Vlasic,11.0,352.0,1.0,0.6988735515624285,0.0,0.3490114137530327,4.0,5.0,0.0,0.0,M S,West Ham,1.0,0.6988735515624285,1.7958945631980896,1.0786172430962324,
178,6345.0,Jadon Sancho,17.0,931.0,1.0,1.2880357056856155,0.0,1.383535360917449,8.0,22.0,0.0,0.0,F M S,Manchester United,1.0,1.2880357056856155,4.816549278795719,2.2152603790163994,485.0
179,6424.0,Ben Johnson,11.0,812.0,1.0,0.10154139157384634,0.0,0.16781960614025593,3.0,4.0,1.0,0.0,D S,West Ham,1.0,0.10154139157384634,2.8774693673476577,2.645480278879404,425.0
180,6456.0,Callum Hudson-Odoi,13.0,791.0,1.0,2.337363924831152,1.0,2.4997942727059126,15.0,21.0,1.0,0.0,D F M S,Chelsea,1.0,2.337363924831152,6.249377798289061,2.315628357231617,140.0
181,6665.0,Curtis Jones,7.0,418.0,1.0,0.3397363889962435,1.0,0.19080261327326298,8.0,2.0,0.0,0.0,M S,Liverpool,1.0,0.3397363889962435,1.7845330256968737,1.3038156926631927,244.0
182,6853.0,Rúben Neves,18.0,1441.0,1.0,0.556837847456336,1.0,1.5367365833371878,21.0,14.0,6.0,0.0,M S,Wolverhampton Wanderers,1.0,0.556837847456336,5.0053902408108115,3.9516271334141493,436.0
183,6859.0,Kortney Hause,6.0,392.0,1.0,0.06403258163481951,0.0,0.0,2.0,0.0,0.0,0.0,D S,Aston Villa,1.0,0.06403258163481951,1.8135119937360287,1.8135119937360287,36.0
184,7069.0,Saman Ghoddos,11.0,324.0,1.0,0.6922268867492676,1.0,0.8840639647096395,7.0,4.0,2.0,0.0,F M S,Brentford,1.0,0.6922268867492676,2.7870127269998193,1.333209847100079,85.0
185,7078.0,Sean Longstaff,14.0,937.0,1.0,0.6140766339376569,1.0,0.28986429423093796,11.0,5.0,1.0,0.0,M S,Newcastle United,1.0,0.6140766339376569,2.465081775560975,1.8653031047433615,309.0
186,7083.0,Christian Nørgaard,20.0,1773.0,1.0,3.2968080639839172,1.0,1.9783210819587111,17.0,14.0,5.0,0.0,M,Brentford,1.0,3.2968080639839172,6.61410381924361,3.4614282567054033,77.0
187,7187.0,Sergio Reguilón,17.0,1293.0,1.0,1.3960258476436138,3.0,2.3056998141109943,10.0,17.0,3.0,0.0,D S,Tottenham,1.0,1.3960258476436138,5.599101053550839,3.3248401638120413,370.0
188,7332.0,Max Kilman,20.0,1800.0,1.0,1.1823586523532867,0.0,0.1449058810248971,10.0,3.0,3.0,0.0,D,Wolverhampton Wanderers,1.0,1.1823586523532867,4.180536512285471,4.010199446231127,439.0
189,7382.0,Dan Burn,11.0,845.0,1.0,0.944086292758584,0.0,0.6954153571277857,6.0,2.0,2.0,0.0,D S,Brighton,1.0,0.944086292758584,1.6163608580827713,1.6163608580827713,58.0
190,7470.0,Mathias Normann,9.0,713.0,1.0,0.6000791396945715,1.0,0.4558039531111717,16.0,6.0,4.0,0.0,M,Norwich,1.0,0.6000791396945715,0.868759186938405,0.36075644195079803,
191,7690.0,Grant Hanley,17.0,1459.0,1.0,0.46299618296325207,0.0,0.2979576885700226,9.0,4.0,1.0,0.0,D,Norwich,1.0,0.46299618296325207,1.9201616821810603,1.8285209713503718,319.0
192,8021.0,Adam Idah,15.0,435.0,1.0,1.7806917577981949,0.0,0.3746335208415985,11.0,4.0,0.0,0.0,F M S,Norwich,1.0,1.7806917577981949,2.2056992016732693,0.46285393834114075,329.0
193,8089.0,Kieran Tierney,14.0,1206.0,1.0,0.49279722291976213,3.0,0.8036787081509829,12.0,13.0,0.0,0.0,D,Arsenal,1.0,0.49279722291976213,3.488051950931549,2.5740501433610916,16.0
194,8476.0,Jarrad Branthwaite,1.0,90.0,1.0,0.5619036555290222,0.0,0.0,1.0,0.0,0.0,0.0,D,Everton,1.0,0.5619036555290222,0.0,0.0,
195,8716.0,Luke Ayling,11.0,990.0,1.0,0.3964003287255764,2.0,1.9322103755548596,9.0,5.0,0.0,0.0,D M,Leeds,1.0,0.3964003287255764,2.209240097552538,2.0636277962476015,185.0
196,8718.0,Stuart Dallas,20.0,1790.0,1.0,0.9588663978502154,1.0,1.6231399346143007,22.0,22.0,2.0,0.0,D M,Leeds,1.0,0.9588663978502154,5.710129557177424,3.7986887861043215,188.0
197,8821.0,Donny van de Beek,8.0,59.0,1.0,0.7412805259227753,0.0,0.3933870494365692,2.0,3.0,0.0,0.0,S,Manchester United,1.0,0.7412805259227753,1.6354638934135437,0.5554127991199493,282.0
198,8864.0,Matthew Cash,20.0,1790.0,1.0,0.9778268663212657,0.0,1.8988168742507696,19.0,15.0,4.0,0.0,D M,Aston Villa,1.0,0.9778268663212657,6.713230097666383,4.483233017846942,44.0
199,8992.0,Hakim Ziyech,11.0,618.0,1.0,2.22225708514452,2.0,2.045972280204296,28.0,14.0,2.0,0.0,M S,Chelsea,1.0,2.22225708514452,6.527514569461346,3.029833685606718,131.0
200,9339.0,Joe Gelhardt,7.0,295.0,1.0,1.2673674821853638,1.0,0.5322291813790798,9.0,3.0,2.0,0.0,F S,Leeds,1.0,1.2673674821853638,1.7811813652515411,0.16447243094444275,
201,9512.0,Valentino Livramento,18.0,1618.0,1.0,0.4363626688718796,0.0,1.4058529427275062,8.0,13.0,2.0,0.0,D,Southampton,1.0,0.4363626688718796,4.100869577378035,2.7065191734582186,
202,9678.0,Ethan Pinnock,20.0,1691.0,1.0,1.533461351878941,1.0,1.6828013993799686,11.0,11.0,0.0,0.0,D,Brentford,1.0,1.533461351878941,4.333278205245733,2.4983870200812817,
203,9685.0,Mads Roerslev,11.0,681.0,1.0,0.2505011558532715,1.0,0.5461498154327273,4.0,3.0,0.0,0.0,D S,Brentford,1.0,0.2505011558532715,0.9573712674900889,0.2182142212986946,
204,9734.0,Enock Mwepu,11.0,637.0,1.0,1.5956154577434063,3.0,1.0714490823447704,10.0,5.0,1.0,0.0,M S,Brighton,1.0,1.5956154577434063,2.5765222273766994,1.5228825695812702,
205,9833.0,Andrew Omobamidele,5.0,380.0,1.0,0.17112184315919876,0.0,0.0,2.0,0.0,1.0,0.0,D S,Norwich,1.0,0.17112184315919876,0.4068538714200258,0.4068538714200258,
206,9914.0,Shandon Baptiste,15.0,743.0,1.0,0.4449052046984434,0.0,0.36883794143795967,11.0,6.0,0.0,1.0,M S,Brentford,1.0,0.4449052046984434,1.3490056144073606,0.7625447800382972,
207,62.0,Lukas Rupp,10.0,466.0,0.0,0.42850622814148664,0.0,1.2350856140255928,11.0,8.0,0.0,0.0,M S,Norwich,0.0,0.42850622814148664,2.236474161967635,1.3101458717137575,317.0
208,76.0,Fabian Schär,10.0,884.0,0.0,0.16541673615574837,1.0,0.5773280076682568,5.0,3.0,2.0,0.0,D,Newcastle United,0.0,0.16541673615574837,1.329691719263792,1.2723761051893234,305.0
209,111.0,Jannik Vestergaard,8.0,470.0,0.0,0.03875558450818062,0.0,0.06727154552936554,1.0,1.0,2.0,0.0,D S,Leicester,0.0,0.03875558450818062,2.5525907538831234,2.5525907538831234,340.0
210,181.0,Bernd Leno,3.0,270.0,0.0,0.0,0.0,0.0,0.0,0.0,0.0,0.0,GK,Arsenal,0.0,0.0,0.09702771157026291,0.09702771157026291,1.0
211,200.0,Andreas Christensen,13.0,1001.0,0.0,0.5500213000923395,0.0,0.12031918577849865,3.0,4.0,2.0,0.0,D S,Chelsea,0.0,0.5500213000923395,4.78575849160552,4.78575849160552,133.0
212,204.0,Granit Xhaka,10.0,832.0,0.0,0.45054588466882706,1.0,0.9311546385288239,8.0,8.0,4.0,1.0,M,Arsenal,0.0,0.45054588466882706,5.806970201432705,4.6125707402825356,7.0
213,239.0,Pascal Groß,13.0,933.0,0.0,1.4339913986623287,2.0,2.480231087654829,12.0,29.0,0.0,0.0,D M S,Brighton,0.0,0.6728225741535425,3.998254921287298,2.3771933056414127,55.0
214,332.0,Joel Matip,16.0,1440.0,0.0,0.9636913547292352,0.0,0.26716699451208115,21.0,4.0,1.0,0.0,D,Liverpool,0.0,0.9636913547292352,8.066749770194292,7.739386361092329,224.0
215,342.0,Sead Kolasinac,2.0,91.0,0.0,0.0,0.0,0.0,0.0,0.0,1.0,0.0,D S,Arsenal,0.0,0.0,0.0,0.0,11.0
216,461.0,Matt Ritchie,16.0,1320.0,0.0,0.36628564447164536,2.0,1.9647234054282308,10.0,29.0,5.0,0.0,D S,Newcastle United,0.0,0.36628564447164536,2.889647395350039,2.340493173338473,292.0
217,462.0,Dan Gosling,1.0,19.0,0.0,0.0,0.0,0.0,0.0,0.0,0.0,0.0,S,Watford,0.0,0.0,0.0,0.0,378.0
218,486.0,Adam Lallana,18.0,1379.0,0.0,0.8222184050828218,1.0,0.9124579317867756,18.0,7.0,4.0,0.0,F M S,Brighton,0.0,0.8222184050828218,4.799247059971094,4.236680502071977,53.0
219,489.0,James Milner,14.0,607.0,0.0,0.24168173409998417,1.0,1.3646847493946552,6.0,11.0,2.0,0.0,D M S,Liverpool,0.0,0.24168173409998417,4.412912152707577,4.151715956628323,221.0
220,496.0,Mohamed Elneny,7.0,155.0,0.0,0.015566117130219936,1.0,0.09426746517419815,1.0,4.0,0.0,0.0,M S,Arsenal,0.0,0.015566117130219936,0.3339325822889805,0.27588820457458496,12.0
221,503.0,Theo Walcott,8.0,386.0,0.0,0.862159663811326,0.0,0.021903160959482193,6.0,1.0,0.0,0.0,M S,Southampton,0.0,0.862159663811326,1.1412880942225456,0.2743081245571375,332.0
222,508.0,Calum Chambers,2.0,172.0,0.0,0.06179235130548477,0.0,0.05556105077266693,2.0,1.0,0.0,0.0,D,Arsenal,0.0,0.06179235130548477,0.3204994201660156,0.20314601808786392,10.0
223,509.0,Wayne Hennessey,2.0,180.0,0.0,0.0,0.0,0.1527586430311203,0.0,3.0,0.0,0.0,GK,Burnley,0.0,0.0,0.07922413945198059,0.0,480.0
224,510.0,Joel Ward,20.0,1800.0,0.0,0.29700321331620216,0.0,0.30563900992274284,8.0,5.0,5.0,0.0,D,Crystal Palace,0.0,0.29700321331620216,7.18538311496377,6.739410672336817,474.0
225,532.0,Cheikhou Kouyaté,17.0,1328.0,0.0,0.10928855743259192,1.0,0.5423536915332079,4.0,2.0,0.0,0.0,D M S,Crystal Palace,0.0,0.10928855743259192,2.399876866489649,2.3530903942883015,150.0
226,546.0,David de Gea,20.0,1800.0,0.0,0.0,0.0,0.0,0.0,0.0,0.0,0.0,GK,Manchester United,0.0,0.0,1.3946721339598298,1.3946721339598298,270.0
227,574.0,Troy Deeney,2.0,19.0,0.0,0.10941658914089203,0.0,0.03317096456885338,2.0,1.0,0.0,0.0,S,Watford,0.0,0.10941658914089203,0.1425875574350357,0.0,380.0
228,581.0,Craig Cathcart,17.0,1469.0,0.0,0.05552088841795921,1.0,0.8055018000304699,1.0,2.0,3.0,0.0,D,Watford,0.0,0.05552088841795921,1.322657834738493,1.322657834738493,379.0
229,585.0,Seamus Coleman,15.0,1315.0,0.0,0.21480490267276764,0.0,0.5213658101856709,5.0,7.0,2.0,0.0,D,Everton,0.0,0.21480490267276764,3.322260569781065,2.8840074241161346,165.0
230,592.0,Ross Barkley,5.0,145.0,0.0,0.7709845006465912,0.0,0.5811443775892258,6.0,7.0,0.0,0.0,M S,Chelsea,0.0,0.7709845006465912,3.02110356092453,2.1158861070871353,124.0
231,596.0,Tom Cleverley,14.0,755.0,0.0,0.30997805297374725,2.0,1.082115181721747,4.0,13.0,1.0,0.0,M S,Watford,0.0,0.30997805297374725,2.74910288117826,1.7927246186882257,381.0
232,603.0,Nathaniel Clyne,2.0,91.0,0.0,0.0,0.0,0.0,0.0,0.0,1.0,0.0,D S,Crystal Palace,0.0,0.0,0.0,0.0,
233,624.0,Willy Caballero,2.0,180.0,0.0,0.0,0.0,0.0,0.0,0.0,1.0,0.0,GK,Southampton,0.0,0.0,0.0,0.0,
234,631.0,Ashley Young,12.0,738.0,0.0,0.37183900736272335,2.0,0.2346664136275649,8.0,6.0,0.0,0.0,D F M S,Aston Villa,0.0,0.37183900736272335,1.849079068750143,1.4005647152662277,52.0
235,633.0,James McArthur,11.0,959.0,0.0,0.2180028110742569,1.0,0.9141576644033194,6.0,9.0,2.0,0.0,M,Crystal Palace,0.0,0.2180028110742569,3.5708992071449757,2.6183164939284325,148.0
236,635.0,Alex McCarthy,15.0,1350.0,0.0,0.0,0.0,0.023409102112054825,0.0,1.0,1.0,0.0,GK,Southampton,0.0,0.0,2.008901508525014,1.985492406412959,334.0
237,637.0,Hugo Lloris,18.0,1620.0,0.0,0.0,0.0,0.20632429793477058,0.0,2.0,0.0,0.0,GK,Tottenham,0.0,0.0,1.102946838364005,0.8966225367039442,353.0
238,638.0,Kyle Walker,13.0,1129.0,0.0,0.14582612738013268,1.0,1.1534556970000267,5.0,5.0,1.0,0.0,D,Manchester City,0.0,0.14582612738013268,6.154203444719315,5.194303199648857,249.0
239,641.0,Danny Rose,8.0,692.0,0.0,0.15660608280450106,0.0,0.631848668679595,4.0,5.0,4.0,0.0,D S,Watford,0.0,0.15660608280450106,1.551004913635552,0.8791762432083488,377.0
240,643.0,Eric Dier,18.0,1541.0,0.0,0.4501858204603195,0.0,1.2294063176959753,7.0,6.0,0.0,0.0,D,Tottenham,0.0,0.4501858204603195,5.799788715317845,5.214317532256246,361.0
241,652.0,Kieran Trippier,1.0,90.0,0.0,0.0,0.0,0.07377146929502487,0.0,2.0,0.0,0.0,D,Newcastle United,0.0,0.0,0.09878351539373398,0.08122298866510391,
242,660.0,Ben Davies,9.0,749.0,0.0,1.526369565166533,1.0,0.3512200340628624,8.0,5.0,2.0,0.0,D S,Tottenham,0.0,1.526369565166533,2.381003577262163,1.7990040220320225,364.0
243,669.0,Ashley Westwood,15.0,1334.0,0.0,0.22673915792256594,3.0,3.3837511762976646,7.0,21.0,5.0,0.0,M,Burnley,0.0,0.22673915792256594,3.753655541688204,2.868770114146173,107.0
244,681.0,César Azpilicueta,15.0,1223.0,0.0,0.7351351343095303,2.0,1.7452463191002607,6.0,10.0,0.0,0.0,D S,Chelsea,0.0,0.7351351343095303,7.835655257105827,6.410992840304971,119.0
245,688.0,Ruben Loftus-Cheek,12.0,688.0,0.0,0.7562576532363892,2.0,1.3508130945265293,14.0,6.0,1.0,0.0,M S,Chelsea,0.0,0.7562576532363892,3.287073776125908,2.635771706700325,132.0
246,694.0,Asmir Begovic,1.0,90.0,0.0,0.0,0.0,0.0,0.0,0.0,0.0,0.0,GK,Everton,0.0,0.0,0.0,0.0,481.0
247,695.0,Bertrand Traoré,6.0,143.0,0.0,0.15296824369579554,0.0,0.0,4.0,0.0,0.0,0.0,F S,Aston Villa,0.0,0.15296824369579554,0.4635052355006337,0.3312121629714966,32.0
248,697.0,Nemanja Matic,12.0,753.0,0.0,0.158847420476377,2.0,0.9964826861396432,5.0,7.0,2.0,0.0,M S,Manchester United,0.0,0.158847420476377,3.262237725779414,2.288147745653987,271.0
249,706.0,Lukasz Fabianski,22.0,1980.0,0.0,0.0,0.0,0.0,0.0,0.0,0.0,0.0,GK,West Ham,0.0,0.0,1.7166598699986935,1.7166598699986935,408.0
250,708.0,Federico Fernández,7.0,523.0,0.0,0.3371330089867115,0.0,0.2842389643192291,6.0,1.0,0.0,0.0,D S,Newcastle United,0.0,0.3371330089867115,0.5562508665025234,0.2720119059085846,465.0
251,712.0,Jack Cork,8.0,656.0,0.0,0.10959254391491413,0.0,0.025875980034470558,3.0,1.0,1.0,0.0,M,Burnley,0.0,0.10959254391491413,0.9436924681067467,0.8082239329814911,101.0
252,741.0,Jordan Pickford,18.0,1620.0,0.0,0.0,0.0,0.016618279740214348,0.0,1.0,1.0,0.0,GK,Everton,0.0,0.0,0.6830324018374085,0.6664141220971942,170.0
253,743.0,Dwight Gayle,4.0,16.0,0.0,0.0604202002286911,0.0,0.010893137194216251,1.0,1.0,0.0,0.0,S,Newcastle United,0.0,0.0604202002286911,0.07131333742290735,0.010893137194216251,300.0
254,745.0,Kasper Schmeichel,18.0,1620.0,0.0,0.0,0.0,0.0,0.0,0.0,1.0,0.0,GK,Leicester,0.0,0.0,2.369050368666649,2.369050368666649,200.0
255,759.0,Daniel Amartey,10.0,786.0,0.0,0.009849830530583858,0.0,0.031780898571014404,1.0,1.0,1.0,0.0,D S,Leicester,0.0,0.009849830530583858,1.6172753013670444,1.6074254717677832,208.0
256,770.0,Ayoze Pérez,7.0,211.0,0.0,0.9622879773378372,2.0,1.0273897796869278,6.0,8.0,0.0,1.0,M S,Leicester,0.0,0.9622879773378372,1.5767725557088852,0.40785694494843483,211.0
257,772.0,Moussa Sissoko,17.0,1512.0,0.0,1.2541657034307718,1.0,0.7930883197113872,12.0,15.0,3.0,0.0,M,Watford,0.0,1.2541657034307718,3.850621946156025,1.9124126713722944,354.0
258,780.0,Karl Darlow,8.0,720.0,0.0,0.0,0.0,0.0,0.0,0.0,1.0,0.0,GK,Newcastle United,0.0,0.0,0.558485004119575,0.558485004119575,294.0
259,790.0,Nathan Redmond,18.0,1296.0,0.0,1.460683104582131,4.0,3.305815249681473,20.0,26.0,0.0,0.0,F M S,Southampton,0.0,1.460683104582131,6.138386853039265,2.431934542953968,336.0
260,803.0,Ben Foster,9.0,810.0,0.0,0.0,1.0,0.06758871674537659,0.0,1.0,0.0,0.0,GK,Watford,0.0,0.0,1.9230630844831467,1.85547436773777,376.0
261,804.0,Craig Dawson,19.0,1431.0,0.0,1.5851492695510387,1.0,0.6956739276647568,16.0,4.0,3.0,0.0,D S,West Ham,0.0,1.5851492695510387,3.1008575689047575,3.1008575689047575,414.0
262,831.0,Fraser Forster,4.0,360.0,0.0,0.0,0.0,0.0,0.0,0.0,0.0,0.0,GK,Southampton,0.0,0.0,0.11770080402493477,0.11770080402493477,333.0
263,835.0,Ryan Bertrand,4.0,340.0,0.0,0.0,0.0,0.0,0.0,0.0,1.0,0.0,D,Leicester,0.0,0.0,1.6839181892573833,1.6839181892573833,473.0
264,839.0,Shane Long,3.0,107.0,0.0,0.20833329856395721,0.0,0.0,2.0,0.0,0.0,0.0,F S,Southampton,0.0,0.20833329856395721,0.17849021777510643,0.05167817324399948,
265,842.0,Oriol Romeu,19.0,1648.0,0.0,0.4925922565162182,1.0,1.4220452960580587,12.0,18.0,5.0,0.0,M,Southampton,0.0,0.4925922565162182,5.469760462641716,4.692444421350956,335.0
266,844.0,Jay Rodriguez,13.0,340.0,0.0,0.8522817995399237,1.0,0.9273393154144287,15.0,4.0,3.0,0.0,F S,Burnley,0.0,0.8522817995399237,1.799778614193201,0.4090924374759197,104.0
267,847.0,Cédric Soares,4.0,210.0,0.0,0.0247479360550642,0.0,0.18912658095359802,1.0,2.0,1.0,0.0,D S,Arsenal,0.0,0.0247479360550642,0.4634086340665817,0.36389823257923126,5.0
268,852.0,Freddie Woodman,4.0,360.0,0.0,0.0,0.0,0.0,0.0,0.0,0.0,0.0,GK,Newcastle United,0.0,0.0,0.31584727950394154,0.31584727950394154,
269,853.0,Paul Dummett,1.0,90.0,0.0,0.0,0.0,0.0,0.0,0.0,1.0,0.0,D,Newcastle United,0.0,0.0,0.06925350427627563,0.06925350427627563,301.0
270,856.0,Jack Butland,3.0,270.0,0.0,0.0,0.0,0.0,0.0,0.0,0.0,0.0,GK,Crystal Palace,0.0,0.0,0.4677483141422272,0.4677483141422272,156.0
271,875.0,Ciaran Clark,12.0,995.0,0.0,1.0101889353245497,1.0,0.19648081716150045,7.0,4.0,2.0,1.0,D,Newcastle United,0.0,1.0101889353245497,1.7617447040975094,1.6704292874783278,293.0
272,876.0,Fabian Delph,6.0,244.0,0.0,0.013397790491580963,0.0,0.019457407295703888,1.0,1.0,1.0,0.0,M S,Everton,0.0,0.013397790491580963,0.19680678378790617,0.1834089932963252,163.0
273,885.0,Kyle Walker-Peters,15.0,1165.0,0.0,0.3321724571287632,2.0,1.817698311060667,8.0,14.0,5.0,0.0,D S,Southampton,0.0,0.3321724571287632,3.959606669843197,3.17628912627697,342.0
274,887.0,Erik Pieters,4.0,104.0,0.0,0.0,0.0,0.0,0.0,0.0,0.0,0.0,D S,Burnley,0.0,0.0,0.6944540739059448,0.6944540739059448,100.0
275,902.0,Sam Byram,3.0,147.0,0.0,0.04658527299761772,0.0,0.062495552003383636,1.0,1.0,2.0,0.0,D S,Norwich,0.0,0.04658527299761772,0.26763370633125305,0.20513814687728882,321.0
276,934.0,Axel Tuanzebe,9.0,507.0,0.0,0.15486813336610794,0.0,0.0,2.0,0.0,1.0,0.0,D S,Aston Villa,0.0,0.15486813336610794,0.8887575045228004,0.8887575045228004,283.0
277,951.0,Phil Jones,1.0,90.0,0.0,0.0,0.0,0.0,0.0,0.0,0.0,0.0,D,Manchester United,0.0,0.0,0.14934715628623962,0.14934715628623962,
278,971.0,Harry Winks,7.0,362.0,0.0,0.0,0.0,0.6285479068756104,0.0,3.0,2.0,0.0,M S,Tottenham,0.0,0.0,3.18638064712286,2.557832770049572,366.0
279,982.0,Tim Krul,19.0,1710.0,0.0,0.0,0.0,0.0,0.0,0.0,1.0,0.0,GK,Norwich,0.0,0.0,1.2366508999839425,1.2366508999839425,314.0
280,985.0,Mason Holgate,8.0,607.0,0.0,0.4744952917098999,0.0,0.0,1.0,0.0,1.0,1.0,D S,Everton,0.0,0.4744952917098999,0.9220417095348239,0.9220417095348239,178.0
281,987.0,Joseph Gomez,3.0,13.0,0.0,0.0,0.0,0.0,0.0,0.0,0.0,0.0,S,Liverpool,0.0,0.0,0.0,0.0,238.0
282,1006.0,Luke Shaw,14.0,1185.0,0.0,0.14750956557691097,1.0,2.4065153803676367,5.0,27.0,5.0,0.0,D M,Manchester United,0.0,0.14750956557691097,4.58624367415905,3.514703992754221,275.0
283,1025.0,Daniel Bachmann,10.0,900.0,0.0,0.0,0.0,0.0,0.0,0.0,0.0,0.0,GK,Watford,0.0,0.0,0.8751082131639123,0.8751082131639123,
284,1032.0,Kieran Dowell,9.0,334.0,0.0,0.17986639216542244,0.0,0.20346861146390438,3.0,6.0,0.0,0.0,F M S,Norwich,0.0,0.17986639216542244,0.5683202557265759,0.31316554732620716,323.0
285,1053.0,Keinan Davis,1.0,10.0,0.0,0.0,0.0,0.0,0.0,0.0,0.0,0.0,S,Aston Villa,0.0,0.0,0.02824227511882782,0.02824227511882782,49.0
286,1084.0,Jonjoe Kenny,3.0,177.0,0.0,0.01922847330570221,1.0,0.11565233021974564,1.0,2.0,1.0,0.0,D S,Everton,0.0,0.01922847330570221,0.25756815634667873,0.23833968210965395,
287,1142.0,Samir,1.0,90.0,0.0,0.053279414772987366,0.0,0.0,1.0,0.0,1.0,0.0,D,Watford,0.0,0.053279414772987366,0.07372249662876129,0.07372249662876129,
288,1245.0,Emerson,1.0,3.0,0.0,0.0,0.0,0.0,0.0,0.0,0.0,0.0,S,Chelsea,0.0,0.0,0.0,0.0,
289,1257.0,Alisson,19.0,1710.0,0.0,0.0,0.0,0.0,0.0,0.0,0.0,0.0,GK,Liverpool,0.0,0.0,5.858227416872978,5.858227416872978,231.0
290,1304.0,Moise Kean,1.0,1.0,0.0,0.0,0.0,0.0,0.0,0.0,0.0,0.0,S,Everton,0.0,0.0,0.01786201260983944,0.01786201260983944,
291,1379.0,Allan,16.0,1418.0,0.0,0.13006773218512535,2.0,0.40003557968884706,4.0,10.0,2.0,0.0,M,Everton,0.0,0.13006773218512535,4.8548472337424755,4.468806814402342,171.0
292,1441.0,Adam Masina,11.0,868.0,0.0,0.14155926369130611,0.0,0.6399356294423342,4.0,6.0,0.0,0.0,D M,Watford,0.0,0.14155926369130611,2.048173174262047,1.410008765757084,390.0
293,1545.0,Emil Krafth,7.0,543.0,0.0,0.14010300487279892,1.0,0.8308915048837662,2.0,2.0,2.0,0.0,D S,Newcastle United,0.0,0.14010300487279892,1.0246974900364876,1.0246974900364876,303.0
294,1663.0,Johann Berg Gudmundsson,17.0,1105.0,0.0,1.6741110244765878,1.0,0.6487751249223948,18.0,6.0,2.0,0.0,M S,Burnley,0.0,1.6741110244765878,2.8882225155830383,1.383490838110447,108.0
295,1675.0,Ashley Fletcher,3.0,24.0,0.0,0.43765381909906864,0.0,0.0,2.0,0.0,0.0,0.0,S,Watford,0.0,0.43765381909906864,0.43765381909906864,0.0,395.0
296,1683.0,Ryan Fraser,15.0,668.0,0.0,0.4466790333390236,1.0,1.0207840129733086,8.0,10.0,2.0,0.0,F M S,Newcastle United,0.0,0.4466790333390236,1.7558684842661023,0.9442545026540756,298.0
297,1687.0,Harry Maguire,16.0,1403.0,0.0,1.0454490091651678,0.0,0.05036903638392687,12.0,2.0,4.0,1.0,D,Manchester United,0.0,1.0454490091651678,3.628429709933698,3.5761122843250632,273.0
298,1707.0,Ben Gibson,17.0,1506.0,0.0,1.2967736385762691,0.0,0.11564303282648325,7.0,3.0,2.0,1.0,D,Norwich,0.0,1.2967736385762691,2.2301462404429913,2.1909925043582916,456.0
299,1711.0,Adam Forshaw,12.0,853.0,0.0,0.2356742098927498,1.0,0.9041967894881964,7.0,11.0,2.0,0.0,M S,Leeds,0.0,0.2356742098927498,3.6065830904990435,2.637192564085126,
300,1725.0,Christian Kabasele,3.0,200.0,0.0,0.416583389043808,0.0,0.0,1.0,0.0,0.0,0.0,D S,Watford,0.0,0.416583389043808,0.29073627665638924,0.29073627665638924,384.0
301,1735.0,Jack Stephens,6.0,486.0,0.0,0.0,0.0,0.24428221210837364,0.0,4.0,2.0,0.0,D,Southampton,0.0,0.0,1.0839737951755524,1.0298576839268208,338.0
302,1739.0,Eric Bailly,4.0,220.0,0.0,0.0,0.0,0.0,0.0,0.0,1.0,0.0,D S,Manchester United,0.0,0.0,0.42615123093128204,0.42615123093128204,286.0
303,1740.0,Paul Pogba,9.0,635.0,0.0,1.5863405540585518,7.0,1.599287511780858,21.0,15.0,4.0,1.0,M S,Manchester United,0.0,1.5863405540585518,3.2818631529808044,1.7539983205497265,272.0
304,1749.0,Rob Holding,5.0,313.0,0.0,0.4433862380683422,0.0,0.0,2.0,0.0,2.0,0.0,D S,Arsenal,0.0,0.4433862380683422,0.7816650532186031,0.7816650532186031,14.0
305,1750.0,Ainsley Maitland-Niles,8.0,251.0,0.0,0.029720153659582138,0.0,0.22736281156539917,2.0,3.0,0.0,0.0,M S,Arsenal,0.0,0.029720153659582138,0.6360603049397469,0.3890685737133026,13.0
306,1823.0,Lucas Digne,14.0,1260.0,0.0,0.4498689007014036,0.0,1.9988578017801046,11.0,24.0,5.0,0.0,D,"Aston Villa,Everton",0.0,0.4498689007014036,3.2408320643007755,2.4715919122099876,168.0
307,1828.0,Alex Telles,7.0,556.0,0.0,0.19535277411341667,1.0,0.9322400782257318,4.0,8.0,0.0,0.0,D S,Manchester United,0.0,0.19535277411341667,2.0473935529589653,1.3825848996639252,279.0
308,2190.0,Vicente Guaita,18.0,1620.0,0.0,0.0,0.0,0.0,0.0,0.0,1.0,0.0,GK,Crystal Palace,0.0,0.0,1.9835428856313229,1.9835428856313229,146.0
309,2245.0,Raphael Varane,10.0,832.0,0.0,0.3987354338169098,1.0,0.11302643269300461,5.0,2.0,0.0,0.0,D S,Manchester United,0.0,0.3987354338169098,1.153703685849905,1.0965622439980507,
310,2266.0,Saúl Ñíguez,5.0,165.0,0.0,0.06304872781038284,0.0,0.0,1.0,0.0,1.0,0.0,M S,Chelsea,0.0,0.06304872781038284,1.0427036732435226,0.9796549454331398,
311,2383.0,André Gomes,8.0,333.0,0.0,0.9330221293494105,1.0,0.15643618162721395,11.0,4.0,1.0,0.0,M S,Everton,0.0,0.9330221293494105,1.3819460663944483,0.41718312352895737,172.0
312,2958.0,Oleksandr Zinchenko,7.0,501.0,0.0,0.15708946995437145,1.0,0.458853330463171,5.0,4.0,0.0,0.0,D S,Manchester City,0.0,0.15708946995437145,4.740163296461105,4.344208270311356,264.0
313,3203.0,Issa Diop,8.0,720.0,0.0,0.028649168089032173,0.0,0.0,1.0,0.0,0.0,0.0,D,West Ham,0.0,0.028649168089032173,1.5376229658722878,1.5376229658722878,424.0
314,3303.0,Ricardo Pereira,8.0,600.0,0.0,0.2407103180885315,2.0,0.7427166234701872,3.0,6.0,1.0,0.0,D M,Leicester,0.0,0.2407103180885315,3.0260070860385895,2.317450739443302,207.0
315,3387.0,Nicolas N&#039;Koulou,3.0,167.0,0.0,0.0,0.0,0.012984516099095345,0.0,1.0,0.0,0.0,D S,Watford,0.0,0.0,0.0964711457490921,0.0964711457490921,
316,3389.0,Benjamin Mendy,1.0,80.0,0.0,0.0,0.0,0.28852787613868713,0.0,2.0,0.0,0.0,D,Manchester City,0.0,0.0,0.16540543735027313,0.13293083012104034,253.0
317,3428.0,Hélder Costa,1.0,20.0,0.0,0.018221013247966766,0.0,0.0,1.0,0.0,0.0,0.0,S,Leeds,0.0,0.018221013247966766,0.0,0.0,192.0
318,3696.0,Morgan Sanson,6.0,220.0,0.0,0.011810557916760445,0.0,0.0,1.0,0.0,0.0,0.0,M S,Aston Villa,0.0,0.011810557916760445,0.5795503724366426,0.5677398145198822,34.0
319,3729.0,Hassane Kamara,1.0,90.0,0.0,0.0,0.0,0.012768365442752838,0.0,1.0,0.0,0.0,D,Watford,0.0,0.0,0.5502275228500366,0.537459135055542,
320,4401.0,Emiliano Martinez,19.0,1710.0,0.0,0.0,0.0,0.0,0.0,0.0,2.0,0.0,GK,Aston Villa,0.0,0.0,0.622052788734436,0.622052788734436,30.0
321,4422.0,Ashley Barnes,8.0,371.0,0.0,0.6575422324240208,0.0,0.38674530386924744,8.0,6.0,2.0,0.0,F S,Burnley,0.0,0.6575422324240208,1.1727782972157001,0.12849079351872206,105.0
322,4475.0,Jed Steer,1.0,90.0,0.0,0.0,0.0,0.0,0.0,0.0,0.0,0.0,GK,Aston Villa,0.0,0.0,0.010699876584112644,0.010699876584112644,28.0
323,4764.0,Jean-Philippe Gbamin,3.0,67.0,0.0,0.0,0.0,0.0,0.0,0.0,0.0,0.0,M S,Everton,0.0,0.0,0.05828259512782097,0.05828259512782097,
324,5043.0,Kiko Femenía,12.0,880.0,0.0,0.030327491462230682,3.0,1.0497406870126724,2.0,7.0,1.0,0.0,D S,Watford,0.0,0.030327491462230682,1.7634205222129822,1.3411550521850586,382.0
325,5061.0,Kepa,2.0,180.0,0.0,0.0,0.0,0.0,0.0,0.0,0.0,0.0,GK,Chelsea,0.0,0.0,0.5946297645568848,0.5946297645568848,129.0
326,5191.0,Álvaro Fernández,12.0,1080.0,0.0,0.0,0.0,0.0,0.0,0.0,0.0,0.0,GK,Brentford,0.0,0.0,0.3428560942411423,0.3428560942411423,
327,5544.0,Angus Gunn,2.0,180.0,0.0,0.0,0.0,0.0,0.0,0.0,0.0,0.0,GK,Norwich,0.0,0.0,0.0,0.0,448.0
328,5545.0,Wilfred Ndidi,13.0,1170.0,0.0,0.41695755533874035,0.0,0.04643929377198219,10.0,1.0,3.0,0.0,D M,Leicester,0.0,0.41695755533874035,3.5744842952117324,3.3081367360427976,216.0
329,5549.0,Luka Milivojevic,10.0,581.0,0.0,0.24721522256731987,0.0,0.5382447391748428,7.0,7.0,1.0,0.0,M S,Crystal Palace,0.0,0.24721522256731987,2.6723447665572166,2.3512011133134365,152.0
330,5552.0,Nick Pope,15.0,1350.0,0.0,0.0,0.0,0.04805099219083786,0.0,1.0,0.0,0.0,GK,Burnley,0.0,0.0,1.4258227534592152,1.3777717612683773,112.0
331,5568.0,Connor Roberts,1.0,11.0,0.0,0.0,0.0,0.0,0.0,0.0,0.0,0.0,S,Burnley,0.0,0.0,0.0,0.0,
332,5584.0,Aaron Wan-Bissaka,15.0,1345.0,0.0,0.0629079844802618,0.0,0.8008440546691418,2.0,11.0,2.0,0.0,D M,Manchester United,0.0,0.0629079844802618,3.988070011138916,3.3130639791488647,288.0
333,5603.0,Aaron Ramsdale,17.0,1530.0,0.0,0.0,0.0,0.0,0.0,0.0,1.0,0.0,GK,Arsenal,0.0,0.0,1.687067149206996,1.687067149206996,
334,5609.0,Yves Bissouma,14.0,1220.0,0.0,0.5744356620125473,1.0,0.4844647701829672,13.0,4.0,6.0,0.0,M,Brighton,0.0,0.5744356620125473,4.473172731697559,3.7693225890398026,70.0
335,5619.0,Pierre Lees-Melou,16.0,1171.0,0.0,0.9323618281632662,0.0,1.0242809168994427,22.0,14.0,4.0,0.0,M S,Norwich,0.0,0.9323618281632662,2.5789635684341192,1.6146842185407877,471.0
336,5648.0,Malang Sarr,2.0,180.0,0.0,0.0,0.0,0.0,0.0,0.0,0.0,0.0,D,Chelsea,0.0,0.0,0.12966160476207733,0.12966160476207733,
337,5656.0,Nicolas Pepe,9.0,493.0,0.0,1.9659019708633423,1.0,1.2396217733621597,16.0,11.0,0.0,0.0,M S,Arsenal,0.0,1.9659019708633423,3.5325876474380493,0.9663539379835129,17.0
338,5681.0,Giovani Lo Celso,8.0,209.0,0.0,0.7339939046651125,0.0,1.0649307779967785,9.0,5.0,0.0,0.0,M S,Tottenham,0.0,0.7339939046651125,1.3751990366727114,0.7179043963551521,372.0
339,5708.0,Fernando Marçal,11.0,962.0,0.0,0.46024483535438776,0.0,0.05736334063112736,7.0,2.0,2.0,0.0,D,Wolverhampton Wanderers,0.0,0.46024483535438776,2.8581158900633454,2.7620600620284677,432.0
340,6027.0,Jairo Riedewald,3.0,112.0,0.0,0.0,0.0,0.053624365478754044,0.0,2.0,0.0,0.0,M S,Crystal Palace,0.0,0.0,0.7066319920122623,0.6811742037534714,157.0
341,6044.0,Charlie Taylor,16.0,1440.0,0.0,0.09397404920309782,1.0,1.6444662027060986,3.0,12.0,1.0,0.0,D,Burnley,0.0,0.09397404920309782,3.249435809440911,2.225771287456155,113.0
342,6048.0,Lewis Dunk,14.0,1260.0,0.0,0.49294576048851013,0.0,0.09502393752336502,6.0,1.0,0.0,0.0,D,Brighton,0.0,0.49294576048851013,3.0208233445882797,3.0208233445882797,59.0
343,6049.0,Solly March,16.0,856.0,0.0,0.9441456608474255,1.0,1.439391853287816,14.0,15.0,1.0,0.0,D F M S,Brighton,0.0,0.9441456608474255,4.672955486923456,2.9914396200329065,60.0
344,6051.0,Dale Stephens,1.0,30.0,0.0,0.0,0.0,0.0,0.0,0.0,0.0,0.0,S,Burnley,0.0,0.0,0.0,0.0,102.0
345,6054.0,Ederson,21.0,1890.0,0.0,0.0,0.0,0.0,0.0,0.0,2.0,0.0,GK,Manchester City,0.0,0.0,6.3724589347839355,6.3724589347839355,257.0
346,6080.0,Victor Lindelöf,14.0,1174.0,0.0,0.012779193930327892,2.0,0.6128797233104706,1.0,2.0,2.0,0.0,D S,Manchester United,0.0,0.012779193930327892,4.164041884243488,4.164041884243488,284.0
347,6104.0,Will Hughes,7.0,511.0,0.0,0.018229471519589424,1.0,0.8525669127702713,1.0,7.0,1.0,0.0,M S,Crystal Palace,0.0,0.018229471519589424,1.6662348210811615,1.4243688881397247,386.0
348,6122.0,Douglas Luiz,16.0,1333.0,0.0,0.2497519627213478,3.0,1.553414392285049,9.0,23.0,3.0,0.0,M S,Aston Villa,0.0,0.2497519627213478,4.133084502071142,3.5817505456507206,50.0
349,6157.0,Timothy Castagne,16.0,1262.0,0.0,0.05429930239915848,0.0,0.3571612723171711,1.0,5.0,1.0,0.0,D M S,Leicester,0.0,0.05429930239915848,3.1775406720116735,2.9249226795509458,209.0
350,6163.0,Nélson Semedo,18.0,1582.0,0.0,1.2595602944493294,0.0,0.7995970454066992,14.0,9.0,1.0,0.0,D,Wolverhampton Wanderers,0.0,1.2595602944493294,4.311260296031833,2.349017085507512,437.0
351,6252.0,Lyanco,10.0,521.0,0.0,0.16543399170041084,0.0,0.17410717904567719,4.0,3.0,2.0,0.0,D S,Southampton,0.0,0.16543399170041084,1.2220923267304897,1.1739625595510006,
352,6273.0,Robin Koch,4.0,360.0,0.0,0.0,0.0,0.0,0.0,0.0,2.0,0.0,D M,Leeds,0.0,0.0,0.9884861093014479,0.9884861093014479,194.0
353,6274.0,Andriy Yarmolenko,11.0,75.0,0.0,0.24720724672079086,0.0,0.11950786970555782,5.0,2.0,1.0,0.0,S,West Ham,0.0,0.24720724672079086,0.3667151164263487,0.14266518875956535,412.0
354,6310.0,Boubakary Soumare,14.0,951.0,0.0,0.22990776784718037,1.0,0.21483075618743896,5.0,5.0,0.0,0.0,M S,Leicester,0.0,0.22990776784718037,3.300142957828939,2.9316595820710063,458.0
355,6314.0,Joachim Andersen,17.0,1387.0,0.0,0.19777261093258858,1.0,0.18669501971453428,3.0,4.0,3.0,0.0,D S,Crystal Palace,0.0,0.19777261093258858,6.1821732968091965,6.0665153414011,
356,6326.0,Ibrahima Konaté,7.0,630.0,0.0,0.07118523120880127,0.0,0.0,2.0,0.0,2.0,0.0,D,Liverpool,0.0,0.07118523120880127,2.1766731664538383,2.1766731664538383,243.0
357,6377.0,Joe Rodon,1.0,79.0,0.0,0.0,0.0,0.0,0.0,0.0,0.0,0.0,S,Tottenham,0.0,0.0,0.0,0.0,374.0
358,6418.0,Hamza Choudhury,3.0,136.0,0.0,0.0,0.0,0.0,0.0,0.0,0.0,0.0,M S,Leicester,0.0,0.0,0.4395376890897751,0.4395376890897751,214.0
359,6451.0,Nathan Ferguson,1.0,6.0,0.0,0.0,0.0,0.0,0.0,0.0,0.0,0.0,S,Crystal Palace,0.0,0.0,0.0,0.0,
360,6477.0,Cenk Tosun,1.0,2.0,0.0,0.0,0.0,0.0,0.0,0.0,0.0,0.0,S,Everton,0.0,0.0,0.01560334675014019,0.01560334675014019,
361,6482.0,Eddie Nketiah,3.0,31.0,0.0,0.48475611209869385,0.0,0.26693758368492126,1.0,3.0,0.0,0.0,S,Arsenal,0.0,0.48475611209869385,0.7516936659812927,0.09415159374475479,20.0
362,6485.0,Júnior Firpo,14.0,937.0,0.0,0.7328560799360275,0.0,0.5675599630922079,7.0,10.0,5.0,0.0,D M S,Leeds,0.0,0.7328560799360275,2.566445929929614,1.660330606624484,463.0
363,6492.0,Reiss Nelson,1.0,18.0,0.0,0.03743357956409454,0.0,0.06058930233120918,1.0,1.0,0.0,0.0,S,Arsenal,0.0,0.03743357956409454,0.11221746355295181,0.014194582588970661,
364,6500.0,Romain Perraud,10.0,797.0,0.0,0.3065027669072151,0.0,0.14264202117919922,8.0,3.0,0.0,0.0,D S,Southampton,0.0,0.3065027669072151,1.1972856726497412,0.8846529014408588,460.0
365,6521.0,Yerry Mina,8.0,521.0,0.0,0.04303598962724209,0.0,0.0,2.0,0.0,1.0,0.0,D S,Everton,0.0,0.04303598962724209,0.32468695007264614,0.32468695007264614,175.0
366,6523.0,Milot Rashica,15.0,966.0,0.0,1.1579817961901426,1.0,0.6836859798058867,20.0,17.0,0.0,0.0,D F M S,Norwich,0.0,1.1579817961901426,2.031350872479379,0.8197780475020409,449.0
367,6532.0,Martin Dubravka,8.0,720.0,0.0,0.0,0.0,0.0,0.0,0.0,0.0,0.0,GK,Newcastle United,0.0,0.0,0.3980247974395752,0.3980247974395752,295.0
368,6538.0,Oghenekaro Etebo,6.0,365.0,0.0,0.03751057852059603,0.0,0.11592758819460869,3.0,2.0,3.0,0.0,M S,Watford,0.0,0.03751057852059603,0.5564567781984806,0.4183486979454756,467.0
369,6542.0,Jürgen Locadia,1.0,20.0,0.0,0.05609802529215813,0.0,0.0,1.0,0.0,0.0,0.0,S,Brighton,0.0,0.05609802529215813,0.05609802529215813,0.0,
370,6630.0,Joe Willock,16.0,1071.0,0.0,1.2799355033785105,0.0,0.5656588096171618,11.0,10.0,0.0,0.0,M S,Newcastle United,0.0,1.2799355033785105,3.473562302067876,1.815012153238058,19.0
371,6674.0,Rayan Ait Nouri,10.0,805.0,0.0,0.22120513767004013,2.0,1.3030074974521995,6.0,10.0,1.0,0.0,D S,Wolverhampton Wanderers,0.0,0.22120513767004013,2.3461844250559807,1.6128244921565056,470.0
372,6736.0,Ibrahima Diallo,15.0,716.0,0.0,0.2822255603969097,2.0,0.8845248036086559,6.0,12.0,0.0,0.0,M S,Southampton,0.0,0.2822255603969097,2.8237369544804096,1.8098163977265358,349.0
373,6756.0,Dwight McNeil,17.0,1518.0,0.0,0.5947110448032618,1.0,2.391932169906795,20.0,22.0,1.0,0.0,M,Burnley,0.0,0.5947110448032618,4.436087626963854,2.581244378350675,118.0
374,6837.0,Ryan Sessegnon,3.0,167.0,0.0,0.0,0.0,0.02140076644718647,0.0,1.0,0.0,0.0,D S,Tottenham,0.0,0.0,0.5647602919489145,0.5433595255017281,368.0
375,6841.0,Ken Sema,9.0,412.0,0.0,0.0732036642730236,0.0,0.6261508855968714,2.0,4.0,1.0,0.0,M S,Watford,0.0,0.0732036642730236,0.8191327750682831,0.5363615993410349,391.0
376,6852.0,Matt Doherty,4.0,90.0,0.0,0.6751806139945984,0.0,0.32441621646285057,5.0,4.0,0.0,0.0,S,Tottenham,0.0,0.6751806139945984,1.097819909453392,0.3529141694307327,360.0
377,6857.0,Morgan Gibbs-White,2.0,4.0,0.0,0.09891022741794586,0.0,0.0,2.0,0.0,1.0,0.0,S,Wolverhampton Wanderers,0.0,0.09891022741794586,0.13725008815526962,0.038339853286743164,440.0
378,6880.0,Edouard Mendy,20.0,1800.0,0.0,0.0,0.0,0.0,0.0,0.0,2.0,0.0,GK,Chelsea,0.0,0.0,3.4208370596170425,3.4208370596170425,143.0
379,6891.0,Ryan Fredericks,1.0,1.0,0.0,0.0,0.0,0.0,0.0,0.0,0.0,0.0,S,West Ham,0.0,0.0,0.0,0.0,415.0
380,6893.0,Stuart Armstrong,8.0,243.0,0.0,0.6849282719194889,0.0,0.25434437580406666,5.0,6.0,0.0,0.0,M S,Southampton,0.0,0.6849282719194889,0.7728606704622507,0.4168253466486931,339.0
381,6923.0,Mohammed Salisu,20.0,1712.0,0.0,0.7828789940103889,0.0,0.5275280196219683,11.0,8.0,7.0,1.0,D S,Southampton,0.0,0.7828789940103889,5.61146717518568,5.398077584803104,351.0
382,6996.0,William Troost-Ekong,16.0,1373.0,0.0,0.10419335775077343,0.0,0.0705595538020134,2.0,1.0,3.0,0.0,D S,Watford,0.0,0.10419335775077343,2.151211665943265,2.0682601276785135,387.0
383,7081.0,Francisco Sierralta,5.0,430.0,0.0,0.03239230066537857,0.0,0.0,1.0,0.0,0.0,0.0,D,Watford,0.0,0.03239230066537857,0.29681150056421757,0.29681150056421757,396.0
384,7134.0,Marc Cucurella,17.0,1482.0,0.0,0.23415986821055412,1.0,1.6941331373527646,8.0,23.0,3.0,0.0,D M,Brighton,0.0,0.23415986821055412,5.363198932260275,4.094032159075141,
385,7166.0,Mathias Jensen,15.0,753.0,0.0,0.22260482190176845,1.0,1.3056774511933327,4.0,21.0,0.0,0.0,M S,Brentford,0.0,0.22260482190176845,1.2895179125480354,0.777660995721817,86.0
386,7198.0,Oliver Skipp,16.0,1220.0,0.0,0.12330767139792442,0.0,0.6294950731098652,3.0,6.0,6.0,0.0,M S,Tottenham,0.0,0.12330767139792442,4.721518278121948,3.968715462833643,373.0
387,7218.0,Cristian Romero,7.0,535.0,0.0,0.0,0.0,0.0,0.0,0.0,4.0,0.0,D S,Tottenham,0.0,0.0,1.7281778864562511,1.7281778864562511,
388,7235.0,Jason Steele,1.0,90.0,0.0,0.0,0.0,0.0,0.0,0.0,0.0,0.0,GK,Brighton,0.0,0.0,0.0,0.0,
389,7236.0,Leander Dendoncker,16.0,774.0,0.0,0.5483875311911106,1.0,0.8479397036135197,8.0,7.0,3.0,0.0,M S,Wolverhampton Wanderers,0.0,0.5483875311911106,1.6336409263312817,1.2560744639486074,434.0
390,7278.0,Imran Louza,7.0,444.0,0.0,0.1353963166475296,0.0,0.44452840089797974,4.0,9.0,2.0,0.0,M S,Watford,0.0,0.1353963166475296,0.15014673955738544,0.11090807244181633,403.0
391,7280.0,Yan Valery,1.0,90.0,0.0,0.013595256954431534,0.0,0.0,1.0,0.0,0.0,0.0,D,Southampton,0.0,0.013595256954431534,0.14369921386241913,0.1301039457321167,
392,7281.0,Diogo Dalot,10.0,540.0,0.0,0.1349747385829687,0.0,0.1992336306720972,3.0,5.0,2.0,0.0,D S,Manchester United,0.0,0.1349747385829687,2.0846793986856937,1.7721448801457882,
393,7295.0,Joshua Sargent,18.0,980.0,0.0,1.2102103494107723,0.0,0.44921954721212387,14.0,8.0,1.0,0.0,F M S,Norwich,0.0,1.2102103494107723,1.7878557592630386,0.39444247260689735,
394,7298.0,Ben White,18.0,1620.0,0.0,0.10957401804625988,0.0,0.7206835150718689,3.0,7.0,1.0,0.0,D,Arsenal,0.0,0.10957401804625988,5.072276990860701,4.887560546398163,67.0
395,7338.0,Bryan Gil Salvatierra,8.0,75.0,0.0,0.10067084431648254,0.0,0.10442430153489113,1.0,2.0,0.0,0.0,S,Tottenham,0.0,0.10067084431648254,0.9023008551448584,0.7428102698177099,487.0
396,7376.0,Ozan Kabak,9.0,746.0,0.0,0.5807486493140459,0.0,0.01197079848498106,5.0,1.0,2.0,0.0,D,Norwich,0.0,0.5807486493140459,0.3983528772369027,0.3189736641943455,
397,7420.0,Miguel Almirón,17.0,983.0,0.0,0.8216049559414387,0.0,0.7572217243723571,16.0,11.0,1.0,0.0,M S,Newcastle United,0.0,0.8216049559414387,3.240093829110265,1.8055043993517756,308.0
398,7430.0,Emerson,14.0,1197.0,0.0,0.2784670367836952,1.0,1.6768498588353395,4.0,16.0,3.0,0.0,D S,Tottenham,0.0,0.2784670367836952,5.23939036950469,3.7040952295064926,
399,7546.0,Harvey Elliott,4.0,251.0,0.0,0.48082080483436584,0.0,0.3615525886416435,7.0,5.0,0.0,0.0,M S,Liverpool,0.0,0.48082080483436584,1.9827339053153992,1.2372965067625046,
400,7688.0,Max Aarons,20.0,1791.0,0.0,0.7020470695570111,1.0,1.3123619500547647,9.0,13.0,5.0,0.0,D,Norwich,0.0,0.7020470695570111,3.3168544694781303,1.4654165310785174,326.0
401,7689.0,Ben Godfrey,16.0,1404.0,0.0,1.0785515261813998,0.0,0.6254459293559194,13.0,11.0,3.0,0.0,D,Everton,0.0,1.0785515261813998,2.2584199104458094,1.842306887730956,179.0
402,7691.0,Jamal Lewis,5.0,261.0,0.0,0.0,0.0,0.026890233159065247,0.0,1.0,1.0,0.0,D S,Newcastle United,0.0,0.0,0.2706957459449768,0.24380551278591156,311.0
403,7693.0,Kenny McLean,19.0,1663.0,0.0,1.036234624683857,0.0,0.7813798002898693,22.0,5.0,1.0,0.0,M S,Norwich,0.0,1.036234624683857,2.7822183687239885,1.9271751940250397,318.0
404,7695.0,Todd Cantwell,8.0,443.0,0.0,0.12008371483534575,0.0,0.3090212047100067,5.0,1.0,2.0,0.0,F M S,Norwich,0.0,0.12008371483534575,0.6448747403919697,0.28419709019362926,325.0
405,7699.0,Adam Webster,11.0,803.0,0.0,0.10584304481744766,0.0,0.0,3.0,0.0,4.0,0.0,D S,Brighton,0.0,0.10584304481744766,2.3392301946878433,2.3222130462527275,61.0
406,7701.0,Moussa Djenepo,8.0,427.0,0.0,1.2542478013783693,0.0,0.2697713356465101,10.0,6.0,3.0,0.0,M S,Southampton,0.0,1.2542478013783693,2.3755975030362606,1.0761288832873106,350.0
407,7722.0,Trézéguet,1.0,8.0,0.0,0.050483472645282745,0.0,0.0,1.0,0.0,0.0,0.0,S,Aston Villa,0.0,0.050483472645282745,0.46437200903892517,0.41388851404190063,37.0
408,7724.0,Wesley,1.0,1.0,0.0,0.0,0.0,0.0,0.0,0.0,0.0,0.0,S,Aston Villa,0.0,0.0,0.0,0.0,47.0
409,7817.0,Zack Steffen,1.0,90.0,0.0,0.0,0.0,0.0,0.0,0.0,0.0,0.0,GK,Manchester City,0.0,0.0,0.3352588415145874,0.3352588415145874,260.0
410,7904.0,Caoimhin Kelleher,2.0,180.0,0.0,0.0,0.0,0.0,0.0,0.0,0.0,0.0,GK,Liverpool,0.0,0.0,0.33267942070961,0.33267942070961,242.0
411,7931.0,Takehiro Tomiyasu,16.0,1390.0,0.0,0.2693182500079274,1.0,0.8683442883193493,9.0,10.0,1.0,0.0,D,Arsenal,0.0,0.2693182500079274,6.517846044152975,5.787238523364067,
412,7988.0,Billy Gilmour,12.0,1065.0,0.0,0.2745272805914283,1.0,0.7268250556662679,8.0,17.0,2.0,0.0,M,Norwich,0.0,0.2745272805914283,2.6125702373683453,2.1826320867985487,145.0
413,7991.0,Aaron Connolly,4.0,152.0,0.0,0.5994892008602619,0.0,0.3804108202457428,2.0,1.0,0.0,0.0,F S,Brighton,0.0,0.5994892008602619,1.0079346299171448,0.028034603223204613,72.0
414,8017.0,Alex Kral,1.0,1.0,0.0,0.0,0.0,0.0,0.0,0.0,0.0,0.0,S,West Ham,0.0,0.0,0.0,0.0,
415,8020.0,Steven Alzate,4.0,96.0,0.0,0.0812435895204544,0.0,0.14678990840911865,1.0,2.0,0.0,0.0,M S,Brighton,0.0,0.0812435895204544,0.22803349792957306,0.22803349792957306,73.0
416,8040.0,Marvelous Nakamba,12.0,757.0,0.0,0.0,0.0,0.045388270169496536,0.0,2.0,4.0,0.0,M S,Aston Villa,0.0,0.0,1.5991682447493076,1.5991682447493076,41.0
417,8075.0,Brandon Williams,15.0,1223.0,0.0,0.05855504795908928,1.0,1.2756314733996987,1.0,12.0,4.0,0.0,D S,Norwich,0.0,0.05855504795908928,3.554740697145462,2.662202062085271,290.0
418,8179.0,Luke Cundle,1.0,1.0,0.0,0.0,0.0,0.0,0.0,0.0,0.0,0.0,S,Wolverhampton Wanderers,0.0,0.0,0.0,0.0,
419,8204.0,Neco Williams,1.0,6.0,0.0,0.0,1.0,0.596182107925415,0.0,1.0,0.0,0.0,S,Liverpool,0.0,0.0,0.596182107925415,0.596182107925415,246.0
420,8214.0,Tyrick Mitchell,21.0,1884.0,0.0,0.082757368683815,1.0,1.4840468727052212,1.0,16.0,0.0,0.0,D,Crystal Palace,0.0,0.082757368683815,6.6234585624188185,5.113314928486943,162.0
421,8222.0,Japhet Tanganga,9.0,601.0,0.0,0.31396032124757767,0.0,0.24557200074195862,5.0,2.0,1.0,1.0,D S,Tottenham,0.0,0.31396032124757767,1.3335269670933485,1.2386806812137365,371.0
422,8224.0,William Smallbone,1.0,72.0,0.0,0.06670796126127243,0.0,0.05095229297876358,1.0,1.0,0.0,0.0,M,Southampton,0.0,0.06670796126127243,0.06670796126127243,0.0,347.0
423,8226.0,Tariq Lamptey,13.0,705.0,0.0,0.7013960294425488,1.0,1.0285661462694407,8.0,11.0,1.0,0.0,D M S,Brighton,0.0,0.7013960294425488,2.330779258161783,1.3788939826190472,71.0
424,8235.0,Jeremy Ngakia,11.0,549.0,0.0,0.04457845166325569,0.0,0.1568174585700035,2.0,2.0,0.0,0.0,D S,Watford,0.0,0.04457845166325569,1.5353304520249367,1.4135034056380391,400.0
425,8291.0,Daniel Podence,14.0,597.0,0.0,0.8483098819851875,2.0,1.9512747693806887,15.0,13.0,1.0,0.0,F M S,Wolverhampton Wanderers,0.0,0.8483098819851875,1.9138959273695946,0.28181821294128895,438.0
426,8300.0,Steven Bergwijn,8.0,305.0,0.0,0.9611099734902382,1.0,0.7150077372789383,9.0,5.0,0.0,0.0,F M S,Tottenham,0.0,0.9611099734902382,1.8891075998544693,0.3636300843209028,369.0
427,8323.0,Josh Brownhill,15.0,1194.0,0.0,0.4506472069770098,0.0,0.7509592548012733,11.0,15.0,4.0,0.0,F M S,Burnley,0.0,0.4506472069770098,2.778269963338971,1.9284897577017546,115.0
428,8351.0,Ki-Jana Hoever,6.0,190.0,0.0,0.03382989764213562,0.0,0.08631426841020584,1.0,1.0,1.0,0.0,D S,Wolverhampton Wanderers,0.0,0.03382989764213562,0.46295997500419617,0.3766457065939903,443.0
429,8380.0,Pablo Marí,2.0,180.0,0.0,0.031568143516778946,0.0,0.4264914393424988,1.0,1.0,1.0,0.0,D,Arsenal,0.0,0.031568143516778946,0.3758748471736908,0.3758748471736908,8.0
430,8456.0,Nathan Tella,10.0,601.0,0.0,0.6171830762177706,0.0,0.5362992808222771,10.0,5.0,1.0,0.0,D F M S,Southampton,0.0,0.6171830762177706,1.126175444573164,0.1654665358364582,346.0
431,8497.0,Cole Palmer,4.0,123.0,0.0,0.28072136640548706,0.0,0.44644495844841003,4.0,2.0,0.0,0.0,F S,Manchester City,0.0,0.28072136640548706,2.0096277594566345,1.3054493889212608,
432,8544.0,Lewis Bate,1.0,48.0,0.0,0.0,0.0,0.0,0.0,0.0,0.0,0.0,S,Leeds,0.0,0.0,0.3578285872936249,0.3578285872936249,
433,8562.0,Luke Thomas,10.0,900.0,0.0,0.10841039568185806,1.0,1.2566129360347986,2.0,7.0,0.0,0.0,D M,Leicester,0.0,0.10841039568185806,3.4883751831948757,2.537217129021883,219.0
434,8582.0,Ellis Simms,1.0,63.0,0.0,0.0,0.0,0.0,0.0,0.0,0.0,0.0,F,Everton,0.0,0.0,0.0,0.0,
435,8706.0,Eberechi Eze,3.0,101.0,0.0,0.04193228483200073,0.0,0.0,2.0,0.0,1.0,0.0,F S,Crystal Palace,0.0,0.04193228483200073,0.10490062087774277,0.06296833604574203,160.0
436,8715.0,Illan Meslier,20.0,1800.0,0.0,0.0,0.0,0.0,0.0,0.0,2.0,0.0,GK,Leeds,0.0,0.0,2.0045388527214527,2.0045388527214527,199.0
437,8717.0,Pascal Struijk,13.0,930.0,0.0,0.0590797970071435,0.0,0.2169212754815817,2.0,6.0,3.0,1.0,D M S,Leeds,0.0,0.0590797970071435,1.6204686015844345,1.4920306876301765,198.0
438,8719.0,Kalvin Phillips,12.0,1006.0,0.0,0.6855863500386477,1.0,1.1149944383651018,12.0,7.0,2.0,0.0,D M,Leeds,0.0,0.6855863500386477,2.590105138719082,2.3312252536416054,191.0
439,8721.0,Jamie Shackleton,11.0,620.0,0.0,0.11145945265889168,0.0,0.013330580666661263,3.0,1.0,4.0,0.0,D M S,Leeds,0.0,0.11145945265889168,1.4294023215770721,1.3046122938394547,197.0
440,8778.0,Fabio Silva,10.0,39.0,0.0,0.07848853804171085,0.0,0.33672723174095154,2.0,1.0,0.0,0.0,S,Wolverhampton Wanderers,0.0,0.07848853804171085,0.06480054557323456,0.0,445.0
441,8780.0,Joël Veltman,16.0,1296.0,0.0,0.12869641929864883,1.0,0.636491309851408,4.0,10.0,4.0,0.0,D M S,Brighton,0.0,0.12869641929864883,4.234451703727245,3.8314026910811663,62.0
442,8816.0,Liam Cooper,15.0,1274.0,0.0,0.17799252457916737,1.0,0.0830003097653389,4.0,3.0,4.0,0.0,D,Leeds,0.0,0.17799252457916737,2.869983445852995,2.8412040881812572,184.0
443,8852.0,Konstantinos Tsimikas,9.0,571.0,0.0,0.20499159395694733,1.0,1.180697437375784,4.0,15.0,2.0,0.0,D S,Liverpool,0.0,0.20499159395694733,4.123544305562973,3.896259270608425,245.0
444,8934.0,Trincão,16.0,958.0,0.0,2.9356551095843315,0.0,0.9992841091006994,21.0,12.0,0.0,0.0,F M S,Wolverhampton Wanderers,0.0,2.9356551095843315,4.34311368316412,1.2007490303367376,461.0
445,8965.0,Vladimir Coufal,19.0,1448.0,0.0,0.5291435308754444,3.0,2.464767879806459,10.0,16.0,1.0,1.0,D S,West Ham,0.0,0.5291435308754444,8.509603306651115,6.843804661184549,418.0
446,9098.0,Robert Sánchez,19.0,1710.0,0.0,0.0,0.0,0.6362467408180237,0.0,3.0,2.0,1.0,GK,Brighton,0.0,0.0,3.4419842921197414,3.153828736394644,69.0
447,9220.0,Charlie Cresswell,4.0,93.0,0.0,0.0,0.0,0.0,0.0,0.0,0.0,0.0,D S,Leeds,0.0,0.0,0.023834163323044777,0.023834163323044777,
448,9284.0,Jakub Moder,19.0,1150.0,0.0,2.255327360704541,3.0,1.8134303279221058,19.0,12.0,1.0,0.0,D M S,Brighton,0.0,2.255327360704541,5.412205033004284,2.3807471338659525,75.0
449,9287.0,Tyler Onyango,2.0,2.0,0.0,0.0,0.0,0.0,0.0,0.0,0.0,0.0,S,Everton,0.0,0.0,0.0,0.0,
450,9356.0,Carney Chukwuemeka,6.0,121.0,0.0,0.4765910133719444,1.0,0.9877788871526718,2.0,2.0,0.0,0.0,M S,Aston Villa,0.0,0.4765910133719444,1.9144129008054733,0.505852660164237,
451,9415.0,Jaden Philogene-Bidace,1.0,1.0,0.0,0.0,0.0,0.0,0.0,0.0,0.0,0.0,S,Aston Villa,0.0,0.0,0.0,0.0,
452,9461.0,Jesurun Rak-Sakyi,1.0,12.0,0.0,0.0,0.0,0.0,0.0,0.0,0.0,0.0,S,Crystal Palace,0.0,0.0,0.03642881289124489,0.03642881289124489,
453,9492.0,Crysencio Summerville,5.0,119.0,0.0,0.32239122316241264,0.0,0.013727394863963127,2.0,1.0,0.0,0.0,S,Leeds,0.0,0.32239122316241264,0.37969424203038216,0.07972975447773933,
454,9493.0,Sam Greenwood,1.0,9.0,0.0,0.0,0.0,0.0,0.0,0.0,0.0,0.0,S,Leeds,0.0,0.0,0.0,0.0,
455,9499.0,Cody Drameh,3.0,122.0,0.0,0.0,0.0,0.02329360693693161,0.0,1.0,1.0,0.0,D S,Leeds,0.0,0.0,0.34276701137423515,0.31947340443730354,
456,9524.0,Anthony Elanga,3.0,101.0,0.0,0.2381964474916458,0.0,0.0,4.0,0.0,0.0,0.0,M S,Manchester United,0.0,0.2381964474916458,0.26525425538420677,0.02705780789256096,
457,9676.0,David Raya,9.0,810.0,0.0,0.0,0.0,0.0,0.0,0.0,0.0,0.0,GK,Brentford,0.0,0.0,2.8369005247950554,2.8369005247950554,
458,9677.0,Kristoffer Ajer,9.0,744.0,0.0,0.1673099622130394,0.0,0.1821705549955368,2.0,2.0,2.0,0.0,D S,Brentford,0.0,0.1673099622130394,1.6105983331799507,1.3625977486371994,
459,9681.0,Frank Onyeka,17.0,954.0,0.0,0.6384550537914038,0.0,0.16351551096886396,13.0,4.0,4.0,0.0,M S,Brentford,0.0,0.6384550537914038,1.4822874944657087,0.9403920099139214,
460,9682.0,Mads Bidstrup,4.0,26.0,0.0,0.0,0.0,0.0,0.0,0.0,0.0,0.0,S,Brentford,0.0,0.0,0.0,0.0,
461,9683.0,Mads Bech Sørensen,4.0,288.0,0.0,0.0,0.0,0.10071189887821674,0.0,2.0,1.0,0.0,D S,Brentford,0.0,0.0,0.2608534172177315,0.16014151275157928,
462,9684.0,Marcus Forss,6.0,182.0,0.0,0.2500193454325199,1.0,0.4205658733844757,4.0,1.0,0.0,0.0,F S,Brentford,0.0,0.2500193454325199,0.11313387751579285,0.0,
463,9687.0,Charlie Goode,6.0,446.0,0.0,0.08599331229925156,0.0,1.0358262360095978,2.0,7.0,3.0,0.0,D S,Brentford,0.0,0.08599331229925156,1.1973674595355988,0.881318673491478,
464,9689.0,Albert Sambi Lokonga,13.0,816.0,0.0,0.3864234983921051,0.0,0.606977915391326,15.0,12.0,4.0,0.0,M S,Arsenal,0.0,0.3864234983921051,4.415035048499703,4.016901850700378,
465,9690.0,Folarin Balogun,2.0,69.0,0.0,0.15745480358600616,0.0,0.0,3.0,0.0,0.0,0.0,F S,Arsenal,0.0,0.15745480358600616,0.15745480358600616,0.0,
466,9691.0,Nuno Tavares,13.0,607.0,0.0,0.5362575305625796,1.0,0.787060379050672,14.0,4.0,1.0,0.0,D S,Arsenal,0.0,0.5362575305625796,3.4360651653259993,2.445448659360409,
467,9733.0,Nathan Collins,5.0,450.0,0.0,0.016528112813830376,0.0,0.5499800555408001,1.0,2.0,1.0,0.0,D,Burnley,0.0,0.016528112813830376,0.17996428906917572,0.1606437861919403,
468,9735.0,Taylor Richards,2.0,17.0,0.0,0.021424472332000732,0.0,0.007314532529562712,1.0,1.0,0.0,0.0,S,Brighton,0.0,0.021424472332000732,0.19376910105347633,0.1650300957262516,
469,9739.0,Kiernan Dewsbury-Hall,9.0,428.0,0.0,0.5103934034705162,1.0,0.2624264881014824,5.0,7.0,1.0,0.0,M S,Leicester,0.0,0.5103934034705162,2.6151057984679937,2.4115208834409714,
470,9740.0,José Sá,20.0,1800.0,0.0,0.0,1.0,0.3950190395116806,0.0,2.0,2.0,0.0,GK,Wolverhampton Wanderers,0.0,0.0,1.2460124650970101,0.8509934255853295,
471,9745.0,Dimitris Giannoulis,11.0,544.0,0.0,0.03571099042892456,1.0,0.41005953028798103,1.0,6.0,1.0,0.0,D S,Norwich,0.0,0.03571099042892456,0.6445213574916124,0.41591996885836124,
472,9746.0,Christos Tzolis,11.0,299.0,0.0,0.33334906212985516,0.0,0.7744668982923031,6.0,8.0,0.0,0.0,F M S,Norwich,0.0,0.33334906212985516,1.601423505693674,0.637684597633779,
473,9747.0,Bali Mumba,1.0,43.0,0.0,0.0,0.0,0.0,0.0,0.0,0.0,0.0,S,Norwich,0.0,0.0,0.0,0.0,
474,9748.0,Jacob Sørensen,5.0,346.0,0.0,0.18145820125937462,0.0,0.0,4.0,0.0,0.0,0.0,D M S,Norwich,0.0,0.18145820125937462,0.33626386895775795,0.33626386895775795,
475,9912.0,Cameron Archer,3.0,20.0,0.0,0.02824227511882782,0.0,0.0,1.0,0.0,0.0,0.0,S,Aston Villa,0.0,0.02824227511882782,0.05972876772284508,0.03148649260401726,
476,9915.0,Dominic Thompson,2.0,154.0,0.0,0.025226609781384468,0.0,0.0,1.0,0.0,0.0,0.0,D,Brentford,0.0,0.025226609781384468,0.05206825211644173,0.02684164233505726,
477,9916.0,Finley Stevens,1.0,11.0,0.0,0.0,0.0,0.028888171538710594,0.0,1.0,0.0,0.0,S,Brentford,0.0,0.0,0.0,0.0,
478,9933.0,Liam McCarron,1.0,6.0,0.0,0.0,0.0,0.0,0.0,0.0,0.0,0.0,S,Leeds,0.0,0.0,0.0,0.0,
479,9957.0,Ozan Tufan,7.0,341.0,0.0,0.34981981571763754,0.0,0.2649288475513458,3.0,4.0,0.0,0.0,M S,Watford,0.0,0.34981981571763754,1.2360552717000246,0.6213066335767508,
480,10001.0,Stuart McKinstry,1.0,1.0,0.0,0.0,0.0,0.0,0.0,0.0,0.0,0.0,S,Leeds,0.0,0.0,0.0,0.0,
481,10027.0,Lewis Dobbin,3.0,29.0,0.0,0.0,0.0,0.0,0.0,0.0,1.0,0.0,S,Everton,0.0,0.0,0.0,0.0,
482,10028.0,Leo Fuhr Hjelde,1.0,68.0,0.0,0.0,0.0,0.023741556331515312,0.0,1.0,0.0,0.0,S,Leeds,0.0,0.0,0.023741556331515312,0.0,
483,10036.0,Jeremy Sarmiento,2.0,18.0,0.0,0.0,0.0,0.0,0.0,0.0,0.0,0.0,M S,Brighton,0.0,0.0,0.0,0.0,
484,10061.0,Harrison Ashby,1.0,6.0,0.0,0.0,0.0,0.0,0.0,0.0,0.0,0.0,S,West Ham,0.0,0.0,0.0,0.0,
485,10091.0,Tyler Morton,2.0,68.0,0.0,0.0,0.0,0.0,0.0,0.0,1.0,0.0,M S,Liverpool,0.0,0.0,0.028630537912249565,0.028630537912249565,
486,10097.0,Przemyslaw Placheta,6.0,383.0,0.0,0.3261748496443033,0.0,0.07052753865718842,7.0,2.0,1.0,0.0,F M S,Norwich,0.0,0.3261748496443033,0.4046439416706562,0.12898636795580387,
487,10118.0,Kaide Gordon,1.0,7.0,0.0,0.4911211431026459,0.0,0.0,1.0,0.0,0.0,0.0,S,Liverpool,0.0,0.4911211431026459,0.4911211431026459,0.0,
488,10126.0,James McAtee,1.0,1.0,0.0,0.088648721575737,0.0,0.0,1.0,0.0,0.0,0.0,S,Manchester City,0.0,0.088648721575737,0.088648721575737,0.0,
489,10141.0,Sonny Perkins,1.0,1.0,0.0,0.0,0.0,0.0,0.0,0.0,0.0,0.0,S,West Ham,0.0,0.0,0.0,0.0,
490,10166.0,Kasey McAteer,1.0,1.0,0.0,0.0,0.0,0.0,0.0,0.0,0.0,0.0,S,Leicester,0.0,0.0,0.0,0.0,
491,10172.0,Jonathan Rowe,2.0,29.0,0.0,0.0,0.0,0.08120320737361908,0.0,1.0,0.0,0.0,S,Norwich,0.0,0.0,0.16017208993434906,0.16017208993434906,
492,10290.0,Edo Kayembe,1.0,90.0,0.0,0.04149774834513664,0.0,0.298225075006485,2.0,2.0,0.0,0.0,M,Watford,0.0,0.04149774834513664,0.46901270747184753,0.187638059258461,
493,10291.0,Vitalii Mykolenko,1.0,90.0,0.0,0.0,0.0,0.0,0.0,0.0,0.0,0.0,D,Everton,0.0,0.0,0.1117921695113182,0.1117921695113182,
494,10293.0,Toti,1.0,90.0,0.0,0.0,0.0,0.0,0.0,0.0,0.0,0.0,D,Wolverhampton Wanderers,0.0,0.0,0.0,0.0,
